AC195340.3_FG002,51.3556770064567,housekeeping genes
AC209208.3_FG005,14.3378573199416,housekeeping genes
AC217271.3_FG002,18.8213298932631,housekeeping genes
AC233870.1_FG006,71.9609996330639,housekeeping genes
AC233979.1_FG009,24.201581073241,housekeeping genes
AC234154.1_FG007,34.0025506598672,housekeeping genes
GRMZM2G000540,94.6995127263822,housekeeping genes
GRMZM2G000710,27.3324586732227,housekeeping genes
GRMZM2G001334,38.1025469831853,housekeeping genes
GRMZM2G002130,13.6091737499512,housekeeping genes
GRMZM2G002687,87.3928999963405,housekeeping genes
GRMZM2G003692,131.854896432838,housekeeping genes
GRMZM2G003734,54.9273280498127,housekeeping genes
GRMZM2G004140,21.792571519922,housekeeping genes
GRMZM2G004619,23.1974724332432,housekeeping genes
GRMZM2G005737,66.3851816297502,housekeeping genes
GRMZM2G005791,30.2850785365658,housekeeping genes
GRMZM2G006707,147.046643299504,housekeeping genes
GRMZM2G006806,11.6241734526182,housekeeping genes
GRMZM2G007486,31.9792644798853,housekeeping genes
GRMZM2G007854,55.7903078198164,housekeeping genes
GRMZM2G007871,81.281116719721,housekeeping genes
GRMZM2G009538,45.4944105165048,housekeeping genes
GRMZM2G009575,30.2768701198941,housekeeping genes
GRMZM2G009593,107.669188066346,housekeeping genes
GRMZM2G009655,74.8139684263989,housekeeping genes
GRMZM2G009994,43.2535804865008,housekeeping genes
GRMZM2G010323,34.5062302832299,housekeeping genes
GRMZM2G011777,10.1323156402957,housekeeping genes
GRMZM2G011980,24.2283064832434,housekeeping genes
GRMZM2G012416,160.854135699402,housekeeping genes
GRMZM2G013890,75.9278193363843,housekeeping genes
GRMZM2G013892,31.8626234932161,housekeeping genes
GRMZM2G014004,47.1369953998178,housekeeping genes
GRMZM2G014180,81.3633546330489,housekeeping genes
GRMZM2G014382,56.7964268264366,housekeeping genes
GRMZM2G014793,51.957436453133,housekeeping genes
GRMZM2G014805,188.338276666065,housekeeping genes
GRMZM2G016511,70.7042103763792,housekeeping genes
GRMZM2G016892,51.0106174331451,housekeeping genes
GRMZM2G017404,33.1617384298797,housekeeping genes
GRMZM2G017421,50.274989766498,housekeeping genes
GRMZM2G017835,109.527678836279,housekeeping genes
GRMZM2G017941,64.8092598530691,housekeeping genes
GRMZM2G018103,287.364243665728,housekeeping genes
GRMZM2G018251,18.3050770565968,housekeeping genes
GRMZM2G018447,18.5163754232683,housekeeping genes
GRMZM2G018508,97.5681348063258,housekeeping genes
GRMZM2G019050,97.3365985563354,housekeeping genes
GRMZM2G019084,9.88337876695955,housekeeping genes
GRMZM2G019200,43.5483114531776,housekeeping genes
GRMZM2G019386,32.51210004987,housekeeping genes
GRMZM2G019876,12.2956909556236,housekeeping genes
GRMZM2G019999,107.45017492624,housekeeping genes
GRMZM2G020653,14.5562335132771,housekeeping genes
GRMZM2G021110,67.3409317897394,housekeeping genes
GRMZM2G021331,189.880835965979,housekeeping genes
GRMZM2G022359,17.4911339565976,housekeeping genes
GRMZM2G022383,67.9452275564498,housekeeping genes
GRMZM2G022694,13.696688533284,housekeeping genes
GRMZM2G022921,25.0159046532377,housekeeping genes
GRMZM2G023008,30.2585093098748,housekeeping genes
GRMZM2G023020,41.0512198598409,housekeeping genes
GRMZM2G023080,29.5748357765532,housekeeping genes
GRMZM2G024159,12.8427590762901,housekeeping genes
GRMZM2G025281,48.1858546331508,housekeeping genes
GRMZM2G026180,23.6976079565894,housekeeping genes
GRMZM2G026311,20.3269283132623,housekeeping genes
GRMZM2G027023,18.1819949066025,housekeeping genes
GRMZM2G027282,87.4382539963219,housekeeping genes
GRMZM2G027378,43.5481944831334,housekeeping genes
GRMZM2G027741,103.778294032918,housekeeping genes
GRMZM2G028190,44.9628325731794,housekeeping genes
GRMZM2G028700,96.2747284063571,housekeeping genes
GRMZM2G028945,20.4023359099148,housekeeping genes
GRMZM2G029001,29.2400220799016,housekeeping genes
GRMZM2G029370,67.5107479764106,housekeeping genes
GRMZM2G030125,104.105902966296,housekeeping genes
GRMZM2G030144,40.9638536165288,housekeeping genes
GRMZM2G030805,70.4216719797851,housekeeping genes
GRMZM2G030902,68.9450889464046,housekeeping genes
GRMZM2G032190,48.8094257431684,housekeeping genes
GRMZM2G032260,24.1195940665674,housekeeping genes
GRMZM2G032367,49.9884162664848,housekeeping genes
GRMZM2G032423,19.8954380832589,housekeeping genes
GRMZM2G033876,122.238245666281,housekeeping genes
GRMZM2G034083,207.625776932527,housekeeping genes
GRMZM2G034276,69.1068923231167,housekeeping genes
GRMZM2G034288,20.7380683899262,housekeeping genes
GRMZM2G034943,32.8349019798864,housekeeping genes
GRMZM2G035395,71.4926926131081,housekeeping genes
GRMZM2G035785,32.1680614965449,housekeeping genes
GRMZM2G035899,16.9032000565982,housekeeping genes
GRMZM2G035985,126.09233776627,housekeeping genes
GRMZM2G036169,56.7344723864885,housekeeping genes
GRMZM2G036685,26.583033579912,housekeeping genes
GRMZM2G036720,30.8066239598881,housekeeping genes
GRMZM2G036765,122.585166732869,housekeeping genes
GRMZM2G037104,48.5287676864841,housekeeping genes
GRMZM2G037177,61.7226632530948,housekeeping genes
GRMZM2G037200,34.9513270098788,housekeeping genes
GRMZM2G037444,36.6158930698755,housekeeping genes
GRMZM2G038126,49.4483006831434,housekeeping genes
GRMZM2G038375,80.0675392763409,housekeeping genes
GRMZM2G038401,125.596131509598,housekeeping genes
GRMZM2G039251,68.6710655330544,housekeeping genes
GRMZM2G040209,41.0038091565124,housekeeping genes
GRMZM2G040320,30.8707199765538,housekeeping genes
GRMZM2G041799,33.7324088632064,housekeeping genes
GRMZM2G041842,24.2539717565861,housekeeping genes
GRMZM2G041878,81.5471777697218,housekeeping genes
GRMZM2G043764,36.8782297631904,housekeeping genes
GRMZM2G044398,46.2634207865016,housekeeping genes
GRMZM2G044569,33.0154363398765,housekeeping genes
GRMZM2G044862,60.4300010331101,housekeeping genes
GRMZM2G045503,24.4932650099203,housekeeping genes
GRMZM2G045818,34.7521869532001,housekeeping genes
GRMZM2G045944,44.2168792698482,housekeeping genes
GRMZM2G046021,26.9466612032381,housekeeping genes
GRMZM2G046025,12.6485000999555,housekeeping genes
GRMZM2G046924,92.9804698829692,housekeeping genes
GRMZM2G047204,20.9436654699215,housekeeping genes
GRMZM2G047214,21.1143109899303,housekeeping genes
GRMZM2G048067,79.362065269773,housekeeping genes
GRMZM2G048257,19.6639844665928,housekeeping genes
GRMZM2G048494,59.0621485864536,housekeeping genes
GRMZM2G048611,44.3408181031959,housekeeping genes
GRMZM2G048703,48.1173062031538,housekeeping genes
GRMZM2G049091,26.8991063699022,housekeeping genes
GRMZM2G049568,18.9006766399264,housekeeping genes
GRMZM2G049672,113.531904069609,housekeeping genes
GRMZM2G050647,81.5825434863866,housekeeping genes
GRMZM2G051458,33.2470993098756,housekeeping genes
GRMZM2G051622,53.79325755648,housekeeping genes
GRMZM2G052088,121.825867499547,housekeeping genes
GRMZM2G052166,19.5465705299199,housekeeping genes
GRMZM2G052403,101.72382926967,housekeeping genes
GRMZM2G052875,52.2002529664852,housekeeping genes
GRMZM2G053261,38.8884560865153,housekeeping genes
GRMZM2G053610,13.0804159399487,housekeeping genes
GRMZM2G054247,10.3070272246254,housekeeping genes
GRMZM2G055413,23.1426826465807,housekeeping genes
GRMZM2G055520,37.3590512132141,housekeeping genes
GRMZM2G056145,44.3244977765069,housekeeping genes
GRMZM2G056501,99.0777586662622,housekeeping genes
GRMZM2G056572,63.7251150297363,housekeeping genes
GRMZM2G056695,45.4040807131971,housekeeping genes
GRMZM2G057150,27.9628659498794,housekeeping genes
GRMZM2G057437,34.3590387965425,housekeeping genes
GRMZM2G058039,82.7307292630438,housekeeping genes
GRMZM2G058105,21.6780794465832,housekeeping genes
GRMZM2G058345,37.7799813465297,housekeeping genes
GRMZM2G058910,217.56125403253,housekeeping genes
GRMZM2G059015,82.2777368897507,housekeeping genes
GRMZM2G060160,31.7871586898861,housekeeping genes
GRMZM2G060213,94.6966026230382,housekeeping genes
GRMZM2G060564,40.7575829131903,housekeeping genes
GRMZM2G060579,26.7906845065836,housekeeping genes
GRMZM2G060765,35.7778324831948,housekeeping genes
GRMZM2G060977,67.1923294764258,housekeeping genes
GRMZM2G061186,41.8451398731771,housekeeping genes
GRMZM2G061446,35.8016755331929,housekeeping genes
GRMZM2G061620,74.9546050130773,housekeeping genes
GRMZM2G061745,56.4633237731138,housekeeping genes
GRMZM2G062555,27.5461254432423,housekeeping genes
GRMZM2G063792,130.70611355955,housekeeping genes
GRMZM2G064031,73.9357193330775,housekeeping genes
GRMZM2G064328,21.0646676265891,housekeeping genes
GRMZM2G064336,39.3257905031713,housekeeping genes
GRMZM2G064580,58.7858052997796,housekeeping genes
GRMZM2G064807,15.5197315532694,housekeeping genes
GRMZM2G065066,50.786353559802,housekeeping genes
GRMZM2G065292,50.3721410031593,housekeeping genes
GRMZM2G066440,79.1708749430643,housekeeping genes
GRMZM2G067601,28.1141254965502,housekeeping genes
GRMZM2G067985,313.494341765352,housekeeping genes
GRMZM2G068479,30.9939984932249,housekeeping genes
GRMZM2G069410,73.7792619764239,housekeeping genes
GRMZM2G069816,20.5517185732553,housekeeping genes
GRMZM2G069916,116.666461532905,housekeeping genes
GRMZM2G070061,10.2639671679536,housekeeping genes
GRMZM2G071010,56.5667378130832,housekeeping genes
GRMZM2G071059,21.7636665232517,housekeeping genes
GRMZM2G072339,30.9218978565525,housekeeping genes
GRMZM2G072690,14.6088340166063,housekeeping genes
GRMZM2G074114,32.1650583998886,housekeeping genes
GRMZM2G074323,30.2384523832256,housekeeping genes
GRMZM2G074479,157.942806399453,housekeeping genes
GRMZM2G075257,28.5458768899014,housekeeping genes
GRMZM2G076827,41.1221837298469,housekeeping genes
GRMZM2G077125,38.5613380431974,housekeeping genes
GRMZM2G077823,38.1676322998555,housekeeping genes
GRMZM2G078283,32.1054772898839,housekeeping genes
GRMZM2G078826,141.985409866144,housekeeping genes
GRMZM2G079226,36.6739355698548,housekeeping genes
GRMZM2G079471,19.0325857499289,housekeeping genes
GRMZM2G080120,22.7284063465778,housekeeping genes
GRMZM2G080722,17.1342501999335,housekeeping genes
GRMZM2G081812,82.2145955697224,housekeeping genes
GRMZM2G082198,24.8745055165564,housekeeping genes
GRMZM2G082322,11.4067602989622,housekeeping genes
GRMZM2G082642,42.1305095498425,housekeeping genes
GRMZM2G083459,80.5171691163636,housekeeping genes
GRMZM2G083518,24.5142835499137,housekeeping genes
GRMZM2G083763,14.99373375328,housekeeping genes
GRMZM2G084252,15.8652145566046,housekeeping genes
GRMZM2G084406,67.2481021964145,housekeeping genes
GRMZM2G084863,31.7726308265578,housekeeping genes
GRMZM2G084942,40.7741810498479,housekeeping genes
GRMZM2G085849,49.4232628631738,housekeeping genes
GRMZM2G086236,30.0251762132233,housekeeping genes
GRMZM2G086887,152.602972666116,housekeeping genes
GRMZM2G087105,31.4265882765399,housekeeping genes
GRMZM2G087749,61.0704934331306,housekeeping genes
GRMZM2G087806,51.3876268531577,housekeeping genes
GRMZM2G087850,44.7705631065023,housekeeping genes
GRMZM2G088397,26.9197632765666,housekeeping genes
GRMZM2G088834,58.7592407331171,housekeeping genes
GRMZM2G089406,134.145706399587,housekeeping genes
GRMZM2G089466,74.4486692664171,housekeeping genes
GRMZM2G089498,25.0453562798977,housekeeping genes
GRMZM2G090480,14.2449726166123,housekeeping genes
GRMZM2G090869,17.5498051099337,housekeeping genes
GRMZM2G091151,28.5360514765523,housekeeping genes
GRMZM2G092112,90.816983433028,housekeeping genes
GRMZM2G092447,366.60117713216,housekeeping genes
GRMZM2G092741,55.5226453331498,housekeeping genes
GRMZM2G092959,83.999458656363,housekeeping genes
GRMZM2G094255,12.375016133289,housekeeping genes
GRMZM2G095194,30.433608319907,housekeeping genes
GRMZM2G095392,41.2794116165204,housekeeping genes
GRMZM2G095552,45.7521849464863,housekeeping genes
GRMZM2G096070,100.866913169637,housekeeping genes
GRMZM2G096424,24.0944069965764,housekeeping genes
GRMZM2G096548,128.857858966177,housekeeping genes
GRMZM2G096764,35.4486063565349,housekeeping genes
GRMZM2G096877,17.6315192399322,housekeeping genes
GRMZM2G097164,12.5306437366175,housekeeping genes
GRMZM2G097289,45.236228766507,housekeeping genes
GRMZM2G098208,67.9049264631135,housekeeping genes
GRMZM2G098227,38.978786526529,housekeeping genes
GRMZM2G098496,89.4352262096511,housekeeping genes
GRMZM2G099130,46.9933792198474,housekeeping genes
GRMZM2G099334,15.501600776608,housekeeping genes
GRMZM2G099487,25.9367241099043,housekeeping genes
GRMZM2G099630,78.3474663663953,housekeeping genes
GRMZM2G100620,29.3008392765658,housekeeping genes
GRMZM2G100913,106.042727732954,housekeeping genes
GRMZM2G100946,25.5613212499047,housekeeping genes
GRMZM2G101042,38.7401602065163,housekeeping genes
GRMZM2G101867,62.8674783997893,housekeeping genes
GRMZM2G102021,13.6511107799447,housekeeping genes
GRMZM2G102088,46.9182849298356,housekeeping genes
GRMZM2G102231,37.7630398498511,housekeeping genes
GRMZM2G102745,36.0672534532145,housekeeping genes
GRMZM2G103287,43.5543298665152,housekeeping genes
GRMZM2G103430,130.09048579954,housekeeping genes
GRMZM2G103902,25.4526202365768,housekeeping genes
GRMZM2G104833,42.0760954031777,housekeeping genes
GRMZM2G104907,36.9576363231851,housekeeping genes
GRMZM2G105019,131.072515032837,housekeeping genes
GRMZM2G105398,46.8428281631526,housekeeping genes
GRMZM2G106140,26.529280206576,housekeeping genes
GRMZM2G106790,40.7797607298657,housekeeping genes
GRMZM2G107362,72.8348768197099,housekeeping genes
GRMZM2G108277,83.3804961496711,housekeeping genes
GRMZM2G108309,24.2665008465782,housekeeping genes
GRMZM2G108355,57.909510919779,housekeeping genes
GRMZM2G108384,33.9504629398748,housekeeping genes
GRMZM2G108546,21.352196196597,housekeeping genes
GRMZM2G108919,21.1089476765787,housekeeping genes
GRMZM2G109009,138.945897732883,housekeeping genes
GRMZM2G109268,18.525454733265,housekeeping genes
GRMZM2G109651,38.1059902865429,housekeeping genes
GRMZM2G109818,39.3187803198491,housekeeping genes
GRMZM2G110185,107.33741960625,housekeeping genes
GRMZM2G110869,27.8902691699079,housekeeping genes
GRMZM2G110983,50.1349197698011,housekeeping genes
GRMZM2G111204,16.6124514599395,housekeeping genes
GRMZM2G111672,20.7475685665901,housekeeping genes
GRMZM2G111720,62.0118541030791,housekeeping genes
GRMZM2G113156,67.8369829897554,housekeeping genes
GRMZM2G113592,198.991608065958,housekeeping genes
GRMZM2G113596,32.7752595132074,housekeeping genes
GRMZM2G113696,242.920207498954,housekeeping genes
GRMZM2G113911,82.5505711263783,housekeeping genes
GRMZM2G113950,78.6639321264232,housekeeping genes
GRMZM2G114107,21.9170986832542,housekeeping genes
GRMZM2G114172,16.4279207432616,housekeeping genes
GRMZM2G114220,42.8456189231627,housekeeping genes
GRMZM2G114371,43.8035357898396,housekeeping genes
GRMZM2G114513,47.1291286498172,housekeeping genes
GRMZM2G115420,61.8281294330919,housekeeping genes
GRMZM2G115456,39.1729895765151,housekeeping genes
GRMZM2G115670,15.8767377699336,housekeeping genes
GRMZM2G115750,153.401585032746,housekeeping genes
GRMZM2G116086,166.665754866102,housekeeping genes
GRMZM2G116681,39.3177206431748,housekeeping genes
GRMZM2G116908,42.8906117865141,housekeeping genes
GRMZM2G117388,32.1210936998657,housekeeping genes
GRMZM2G117935,80.9302095897222,housekeeping genes
GRMZM2G118098,40.9601094065265,housekeeping genes
GRMZM2G118316,55.0974321231419,housekeeping genes
GRMZM2G118467,93.8114234630294,housekeeping genes
GRMZM2G118743,62.038492749806,housekeeping genes
GRMZM2G119546,77.6778258064331,housekeeping genes
GRMZM2G119627,28.9058068365546,housekeeping genes
GRMZM2G119930,121.839425329576,housekeeping genes
GRMZM2G120173,23.6811147365899,housekeeping genes
GRMZM2G120578,37.9117797331902,housekeeping genes
GRMZM2G120973,60.9990153297876,housekeeping genes
GRMZM2G121452,41.3777601465128,housekeeping genes
GRMZM2G121790,81.6821712130361,housekeeping genes
GRMZM2G122064,36.0298416132073,housekeeping genes
GRMZM2G122135,131.73420756618,housekeeping genes
GRMZM2G122999,60.0163621164469,housekeeping genes
GRMZM2G124079,10.4583367519545,housekeeping genes
GRMZM2G124288,51.0686112064959,housekeeping genes
GRMZM2G125728,97.6227518796839,housekeeping genes
GRMZM2G126038,85.8942369663472,housekeeping genes
GRMZM2G126453,121.382747066265,housekeeping genes
GRMZM2G126665,30.1570116998958,housekeeping genes
GRMZM2G126860,80.7892120097206,housekeeping genes
GRMZM2G127756,49.1198519098338,housekeeping genes
GRMZM2G128189,17.8192198965938,housekeeping genes
GRMZM2G128613,50.4402655398151,housekeeping genes
GRMZM2G130854,29.1956283198928,housekeeping genes
GRMZM2G130889,52.9785203864654,housekeeping genes
GRMZM2G130905,26.2867532632325,housekeeping genes
GRMZM2G131020,42.5790286198425,housekeeping genes
GRMZM2G131249,35.2048669865357,housekeeping genes
GRMZM2G132060,106.846501182942,housekeeping genes
GRMZM2G132465,53.0419153698082,housekeeping genes
GRMZM2G132633,32.7094280132233,housekeeping genes
GRMZM2G132653,48.9621248998494,housekeeping genes
GRMZM2G132857,58.6213248564749,housekeeping genes
GRMZM2G133652,39.4925723531876,housekeeping genes
GRMZM2G133919,103.206183979649,housekeeping genes
GRMZM2G134027,80.2107466763618,housekeeping genes
GRMZM2G134227,61.6093090431125,housekeeping genes
GRMZM2G135045,20.698874976592,housekeeping genes
GRMZM2G135599,27.4835432199117,housekeeping genes
GRMZM2G137236,66.19316128645,housekeeping genes
GRMZM2G137528,68.2435685330546,housekeeping genes
GRMZM2G138077,12.7898132206107,housekeeping genes
GRMZM2G138178,47.2014622898593,housekeeping genes
GRMZM2G138220,44.8196732864952,housekeeping genes
GRMZM2G138230,70.9044947197556,housekeeping genes
GRMZM2G138505,27.2249440532428,housekeeping genes
GRMZM2G138861,60.1841731364388,housekeeping genes
GRMZM2G139038,89.5640503563838,housekeeping genes
GRMZM2G139419,41.578700589857,housekeeping genes
GRMZM2G139760,43.681312356526,housekeeping genes
GRMZM2G139858,29.2620854498924,housekeeping genes
GRMZM2G139977,99.9459347363527,housekeeping genes
GRMZM2G140156,44.1842208364944,housekeeping genes
GRMZM2G140614,51.2569369998067,housekeeping genes
GRMZM2G141941,30.1143209798892,housekeeping genes
GRMZM2G142072,79.6626691630739,housekeeping genes
GRMZM2G142443,27.2082496232332,housekeeping genes
GRMZM2G142557,44.4804147831718,housekeeping genes
GRMZM2G142806,39.5938384731746,housekeeping genes
GRMZM2G143854,46.219252779846,housekeeping genes
GRMZM2G144618,16.3650165599356,housekeeping genes
GRMZM2G145107,35.424631376555,housekeeping genes
GRMZM2G145112,36.638771803199,housekeeping genes
GRMZM2G145594,14.36768268328,housekeeping genes
GRMZM2G145854,77.11376146639,housekeeping genes
GRMZM2G146111,21.9592359632406,housekeeping genes
GRMZM2G146118,55.3320178264817,housekeeping genes
GRMZM2G146267,90.0765482230213,housekeeping genes
GRMZM2G146697,68.5297131497525,housekeeping genes
GRMZM2G147619,23.7582198065783,housekeeping genes
GRMZM2G148213,33.346225896553,housekeeping genes
GRMZM2G148633,35.25919894986,housekeeping genes
GRMZM2G148723,33.0834623598833,housekeeping genes
GRMZM2G148913,61.9171836497929,housekeeping genes
GRMZM2G149286,20.79580229659,housekeeping genes
GRMZM2G150484,101.133281043008,housekeeping genes
GRMZM2G150631,41.2893182365274,housekeeping genes
GRMZM2G150838,40.4941384531959,housekeeping genes
GRMZM2G150912,40.541826016525,housekeeping genes
GRMZM2G151050,61.0761036531456,housekeeping genes
GRMZM2G151195,88.1853940563926,housekeeping genes
GRMZM2G151905,27.1052018099104,housekeeping genes
GRMZM2G151923,87.7143268630018,housekeeping genes
GRMZM2G152111,35.5336375532011,housekeeping genes
GRMZM2G152526,36.0281526231711,housekeeping genes
GRMZM2G153615,73.5032387031282,housekeeping genes
GRMZM2G153792,122.929932999611,housekeeping genes
GRMZM2G155337,32.7507402232122,housekeeping genes
GRMZM2G155384,134.836425399552,housekeeping genes
GRMZM2G156251,121.173192632881,housekeeping genes
GRMZM2G156638,90.6849838596881,housekeeping genes
GRMZM2G156800,86.3731247963972,housekeeping genes
GRMZM2G157316,40.78474814987,housekeeping genes
GRMZM2G157589,16.5322058832744,housekeeping genes
GRMZM2G157598,59.9508255097879,housekeeping genes
GRMZM2G158062,38.7473637298733,housekeeping genes
GRMZM2G158575,36.1379207965411,housekeeping genes
GRMZM2G158918,18.8814250932645,housekeeping genes
GRMZM2G159330,15.6536207299463,housekeeping genes
GRMZM2G159389,29.9470120565532,housekeeping genes
GRMZM2G159720,28.6215621965628,housekeeping genes
GRMZM2G160801,38.0717479265339,housekeeping genes
GRMZM2G161913,51.1415355031624,housekeeping genes
GRMZM2G162079,21.4570626565941,housekeeping genes
GRMZM2G162167,29.0463225465735,housekeeping genes
GRMZM2G162184,62.7691124631291,housekeeping genes
GRMZM2G162353,25.2255994499073,housekeeping genes
GRMZM2G163277,59.7817392764645,housekeeping genes
GRMZM2G163444,50.341426196506,housekeeping genes
GRMZM2G163726,34.9687357798785,housekeeping genes
GRMZM2G163849,149.645256399538,housekeeping genes
GRMZM2G163888,89.3640781396954,housekeeping genes
GRMZM2G164185,47.8988162265037,housekeeping genes
GRMZM2G164265,77.9422416830633,housekeeping genes
GRMZM2G164352,168.326864866054,housekeeping genes
GRMZM2G164562,106.917285399605,housekeeping genes
GRMZM2G164663,74.5198236563705,housekeeping genes
GRMZM2G164916,23.1933136399079,housekeeping genes
GRMZM2G165137,59.7838375231341,housekeeping genes
GRMZM2G165209,19.2139912465944,housekeeping genes
GRMZM2G165418,74.4973950664303,housekeeping genes
GRMZM2G165681,41.1398331231757,housekeeping genes
GRMZM2G165917,184.913739265941,housekeeping genes
GRMZM2G165926,59.4886015030887,housekeeping genes
GRMZM2G166049,37.0775769231906,housekeeping genes
GRMZM2G166355,62.3394688897714,housekeeping genes
GRMZM2G166646,179.378338032697,housekeeping genes
GRMZM2G166855,53.0292768331365,housekeeping genes
GRMZM2G167651,49.5655207898313,housekeeping genes
GRMZM2G167836,39.7951558531775,housekeeping genes
GRMZM2G168257,20.9916130899082,housekeeping genes
GRMZM2G168337,38.52544757652,housekeeping genes
GRMZM2G168913,25.6985029432404,housekeeping genes
GRMZM2G169320,27.2599041532406,housekeeping genes
GRMZM2G169998,19.9851073265895,housekeeping genes
GRMZM2G170313,44.2333519631612,housekeeping genes
GRMZM2G170699,26.465723496587,housekeeping genes
GRMZM2G171354,125.381954559609,housekeeping genes
GRMZM2G171488,62.8137202997954,housekeeping genes
GRMZM2G173354,41.6338846031711,housekeeping genes
GRMZM2G173636,22.08578071658,housekeeping genes
GRMZM2G173777,49.5822477898307,housekeeping genes
GRMZM2G173868,36.2337022598665,housekeeping genes
GRMZM2G173943,84.6128411730255,housekeeping genes
GRMZM2G174170,16.7320719799379,housekeeping genes
GRMZM2G174335,15.2023048132698,housekeeping genes
GRMZM2G174568,37.4381763531891,housekeeping genes
GRMZM2G175463,29.7569108665727,housekeeping genes
GRMZM2G176698,80.1153348430484,housekeeping genes
GRMZM2G176881,25.863394239901,housekeeping genes
GRMZM2G177273,45.0569115731625,housekeeping genes
GRMZM2G177781,63.8651491597863,housekeeping genes
GRMZM2G178919,20.6735049565997,housekeeping genes
GRMZM2G179505,49.3320821298164,housekeeping genes
GRMZM2G180335,44.1822514298358,housekeeping genes
GRMZM2G180458,25.6061064899042,housekeeping genes
GRMZM2G180691,35.5031546731933,housekeeping genes
GRMZM2G181151,212.496048332507,housekeeping genes
GRMZM2G181359,126.539498432833,housekeeping genes
GRMZM2G300944,17.0900603865962,housekeeping genes
GRMZM2G308083,24.2847452199165,housekeeping genes
GRMZM2G316191,93.7107332496983,housekeeping genes
GRMZM2G322186,35.7089859165453,housekeeping genes
GRMZM2G323912,23.7306734865751,housekeeping genes
GRMZM2G324886,34.7448973631862,housekeeping genes
GRMZM2G331032,100.594700609615,housekeeping genes
GRMZM2G334457,126.83172386627,housekeeping genes
GRMZM2G342386,32.8648098665421,housekeeping genes
GRMZM2G347645,35.0481230265524,housekeeping genes
GRMZM2G350626,100.656225159681,housekeeping genes
GRMZM2G350628,33.8423473398985,housekeeping genes
GRMZM2G357399,18.247354703254,housekeeping genes
GRMZM2G363038,85.8596388697353,housekeeping genes
GRMZM2G363460,83.9630550563728,housekeeping genes
GRMZM2G366935,34.257157893193,housekeeping genes
GRMZM2G368448,70.8371088964278,housekeeping genes
GRMZM2G369912,50.2792106165095,housekeeping genes
GRMZM2G373175,166.273040936205,housekeeping genes
GRMZM2G376074,80.9158483297038,housekeeping genes
GRMZM2G377887,30.1110403098982,housekeeping genes
GRMZM2G384327,207.039279065898,housekeeping genes
GRMZM2G389233,190.690851466038,housekeeping genes
GRMZM2G397836,36.3049228865409,housekeeping genes
GRMZM2G400238,119.76036493296,housekeeping genes
GRMZM2G403218,15.6623258266136,housekeeping genes
GRMZM2G409865,105.753265099685,housekeeping genes
GRMZM2G410393,122.771176466258,housekeeping genes
GRMZM2G412234,34.2921983132098,housekeeping genes
GRMZM2G412899,107.162570512972,housekeeping genes
GRMZM2G415846,72.4224538230779,housekeeping genes
GRMZM2G416019,17.4292953265919,housekeeping genes
GRMZM2G420121,55.3479010564881,housekeeping genes
GRMZM2G421829,95.6168293129938,housekeeping genes
GRMZM2G421857,227.150773199124,housekeeping genes
GRMZM2G422651,49.9836891065237,housekeeping genes
GRMZM2G422938,45.4990214631687,housekeeping genes
GRMZM2G425377,86.955189616375,housekeeping genes
GRMZM2G427337,45.3358808931599,housekeeping genes
GRMZM2G429241,56.5323787498268,housekeeping genes
GRMZM2G433591,23.8444252899101,housekeeping genes
GRMZM2G436835,63.2850228464128,housekeeping genes
GRMZM2G449083,43.8099221398392,housekeeping genes
GRMZM2G449355,69.9679154397672,housekeeping genes
GRMZM2G451357,60.3429981298097,housekeeping genes
GRMZM2G457201,21.2783130199144,housekeeping genes
GRMZM2G458665,30.0992030032163,housekeeping genes
GRMZM2G459063,34.2506923065338,housekeeping genes
GRMZM2G462639,35.547512173199,housekeeping genes
GRMZM2G463032,50.0813124931704,housekeeping genes
GRMZM2G464000,70.8914923930867,housekeeping genes
GRMZM2G466270,57.8479706498097,housekeeping genes
GRMZM2G467169,150.139705799449,housekeeping genes
GRMZM2G470740,60.0647469931212,housekeeping genes
GRMZM2G472693,48.4398612298402,housekeeping genes
GRMZM2G474658,59.290848176461,housekeeping genes
GRMZM2G478370,45.5426743398491,housekeeping genes
GRMZM2G480002,98.9214169396943,housekeeping genes
GRMZM2G480809,71.5376311297849,housekeeping genes
GRMZM2G541193,119.211550079632,housekeeping genes
GRMZM2G550865,80.9329802130379,housekeeping genes
GRMZM2G552322,19.4402577732564,housekeeping genes
GRMZM2G558539,76.8425190763561,housekeeping genes
GRMZM2G588223,26.7010243565932,housekeeping genes
GRMZM2G703303,17.324635653271,housekeeping genes
GRMZM5G806309,14.7755809066134,housekeeping genes
GRMZM5G808775,71.0691482397574,housekeeping genes
GRMZM5G810275,75.1646466597273,housekeeping genes
GRMZM5G812921,44.3446191531838,housekeeping genes
GRMZM5G814159,50.6895773664796,housekeeping genes
GRMZM5G817439,35.6282060132104,housekeeping genes
GRMZM5G820781,18.8465276399355,housekeeping genes
GRMZM5G821988,78.2172354530727,housekeeping genes
GRMZM5G824944,125.635988732853,housekeeping genes
GRMZM5G825524,87.9782388629986,housekeeping genes
GRMZM5G826456,19.6234138199355,housekeeping genes
GRMZM5G827171,30.5298987365496,housekeeping genes
GRMZM5G833477,21.626372353262,housekeeping genes
GRMZM5G836167,31.7755905132368,housekeeping genes
GRMZM5G838403,28.2308466665643,housekeeping genes
GRMZM5G838910,25.2372897732449,housekeeping genes
GRMZM5G839512,34.8300304232045,housekeeping genes
GRMZM5G844195,64.2877578164257,housekeeping genes
GRMZM5G845755,43.4217677264847,housekeeping genes
GRMZM5G851026,30.8030121898979,housekeeping genes
GRMZM5G864266,49.9929968031597,housekeeping genes
GRMZM5G866100,69.737406669734,housekeeping genes
GRMZM5G868683,12.9532954332925,housekeeping genes
GRMZM5G870572,23.9276936299103,housekeeping genes
GRMZM5G871572,30.2898756165452,housekeeping genes
GRMZM5G872997,18.9598487165995,housekeeping genes
GRMZM5G873194,10.1831602686277,housekeeping genes
GRMZM5G880508,61.7871456464856,housekeeping genes
GRMZM5G881605,41.7623637331978,housekeeping genes
GRMZM5G885628,40.922471489855,housekeeping genes
GRMZM5G895064,53.3789314364912,housekeeping genes
GRMZM5G899349,67.7722971364257,housekeeping genes
AC206968.3_FG003,28.4373722965476,GO:0009644
AC208204.3_FG006,5.44615114031393,GO:0009644
AC208897.3_FG004,31.7436660432216,GO:0009644
AC209784.3_FG007,4.59172030233143,GO:0009644
AC215201.3_FG005,221.088025399159,GO:0009644
AC233888.1_FG002,32.0825950765177,GO:0009644
AC233893.1_FG003,8.32317566196729,GO:0009644
GRMZM2G000823,43.6857847198505,GO:0009644
GRMZM2G001500,214.238258699256,GO:0009644
GRMZM2G002121,8.07215323897086,GO:0009644
GRMZM2G002220,147.204825232826,GO:0009644
GRMZM2G003518,8.16755361863951,GO:0009644
GRMZM2G004040,80.2710437230791,GO:0009644
GRMZM2G004528,379.547584331602,GO:0009644
GRMZM2G004996,55.990884693099,GO:0009644
GRMZM2G005256,16.7733628966096,GO:0009644
GRMZM2G009479,30.1106054498951,GO:0009644
GRMZM2G009785,101.268678126293,GO:0009644
GRMZM2G010871,34.4549993232196,GO:0009644
GRMZM2G010884,3913.90156165341,GO:0009644
GRMZM2G012280,20.7303928565908,GO:0009644
GRMZM2G012324,217.423303732328,GO:0009644
GRMZM2G013970,13.9272257646076,GO:0009644
GRMZM2G015419,3751.52015932,GO:0009644
GRMZM2G016677,640.560990897464,GO:0009644
GRMZM2G017045,127.341935209473,GO:0009644
GRMZM2G017616,32.2865322532225,GO:0009644
GRMZM2G018189,143.250086099501,GO:0009644
GRMZM2G019468,5.0770524306412,GO:0009644
GRMZM2G020040,29.2611741998959,GO:0009644
GRMZM2G020661,30.1902823198744,GO:0009644
GRMZM2G020859,6.13387585998102,GO:0009644
GRMZM2G021777,50.8951542964299,GO:0009644
GRMZM2G021816,18.6796131832675,GO:0009644
GRMZM2G022159,39.2975782131971,GO:0009644
GRMZM2G022180,173.349658799313,GO:0009644
GRMZM2G024718,2.17284637466323,GO:0009644
GRMZM2G026742,18.4201766456153,GO:0009644
GRMZM2G027955,154.416473332876,GO:0009644
GRMZM2G028258,2.12474336099466,GO:0009644
GRMZM2G029153,3.87310082165407,GO:0009644
GRMZM2G029486,27.1829231465593,GO:0009644
GRMZM2G029527,4.71197850431542,GO:0009644
GRMZM2G033885,2505.28310332341,GO:0009644
GRMZM2G034157,3.05413360866076,GO:0009644
GRMZM2G035785,32.1680614965449,GO:0009644
GRMZM2G036609,920.010005363939,GO:0009644
GRMZM2G036880,329.674060332044,GO:0009644
GRMZM2G038108,2.39166558365691,GO:0009644
GRMZM2G038519,1802.52950732652,GO:0009644
GRMZM2G038783,315.267997465478,GO:0009644
GRMZM2G043147,18.3196795432691,GO:0009644
GRMZM2G044697,200.997650532623,GO:0009644
GRMZM2G045318,16.73670574993,GO:0009644
GRMZM2G045664,42.8529262765363,GO:0009644
GRMZM2G046088,5.67784194864579,GO:0009644
GRMZM2G046382,1.72670154932577,GO:0009644
GRMZM2G046676,4.74200341497875,GO:0009644
GRMZM2G047238,8.41393228229848,GO:0009644
GRMZM2G047954,1736.22782699318,GO:0009644
GRMZM2G048482,205.905008032611,GO:0009644
GRMZM2G049349,5.57104436965317,GO:0009644
GRMZM2G049767,1.12588789733309,GO:0009644
GRMZM2G051135,1.25964193266673,GO:0009644
GRMZM2G052509,17.2289542466056,GO:0009644
GRMZM2G056039,426.107140531891,GO:0009644
GRMZM2G059965,20.7634552465925,GO:0009644
GRMZM2G060561,28.130750689911,GO:0009644
GRMZM2G061912,33.1248856365235,GO:0009644
GRMZM2G062576,2.36478304565855,GO:0009644
GRMZM2G063024,1.27969698132835,GO:0009644
GRMZM2G063850,40.5323512831759,GO:0009644
GRMZM2G063875,105.635958469657,GO:0009644
GRMZM2G064467,13.4890695829431,GO:0009644
GRMZM2G065971,11.2187623789556,GO:0009644
GRMZM2G066902,9.53550610828988,GO:0009644
GRMZM2G069005,11.4552408192839,GO:0009644
GRMZM2G070092,1.41714370566243,GO:0009644
GRMZM2G070863,16.1852796932922,GO:0009644
GRMZM2G072034,36.123609503182,GO:0009644
GRMZM2G073743,133.619269266121,GO:0009644
GRMZM2G074790,18.1988366466009,GO:0009644
GRMZM2G076389,3.04083485165583,GO:0009644
GRMZM2G079668,286.745411299042,GO:0009644
GRMZM2G080724,7.20497552132798,GO:0009644
GRMZM2G081666,9.19232813696704,GO:0009644
GRMZM2G083810,4.45824242699648,GO:0009644
GRMZM2G090034,7.12402338230451,GO:0009644
GRMZM2G090068,21.5742752465827,GO:0009644
GRMZM2G092311,2221.97445932536,GO:0009644
GRMZM2G092363,8.34400781129669,GO:0009644
GRMZM2G092427,1378.00664266128,GO:0009644
GRMZM2G093313,6.75453804630702,GO:0009644
GRMZM2G096585,161.487294199462,GO:0009644
GRMZM2G097605,14.7993553166218,GO:0009644
GRMZM2G098167,2.59576225699497,GO:0009644
GRMZM2G098212,13.9731721566101,GO:0009644
GRMZM2G098696,1.69762485832928,GO:0009644
GRMZM2G102349,61.339357443137,GO:0009644
GRMZM2G103101,159.191745566057,GO:0009644
GRMZM2G104626,51.3027476698061,GO:0009644
GRMZM2G104843,88.6916251330824,GO:0009644
GRMZM2G105348,14.7766799949407,GO:0009644
GRMZM2G106213,20.2676935899199,GO:0009644
GRMZM2G106429,4.1923306839804,GO:0009644
GRMZM2G108477,28.4037862798889,GO:0009644
GRMZM2G111475,9.93547516663749,GO:0009644
GRMZM2G111657,13.4258299916156,GO:0009644
GRMZM2G114793,90.0195027963452,GO:0009644
GRMZM2G117459,13.4254696466144,GO:0009644
GRMZM2G117746,86.6309260030185,GO:0009644
GRMZM2G118731,69.5925685530801,GO:0009644
GRMZM2G121494,36.9009379698407,GO:0009644
GRMZM2G124411,44.8358523031329,GO:0009644
GRMZM2G125617,16.1974726999456,GO:0009644
GRMZM2G125777,78.4299645930632,GO:0009644
GRMZM2G127729,86.21216714971,GO:0009644
GRMZM2G129817,36.0705008665458,GO:0009644
GRMZM2G130121,61.377615506452,GO:0009644
GRMZM2G131597,3.36310146032103,GO:0009644
GRMZM2G132009,13.3145933099583,GO:0009644
GRMZM2G134668,193.43592043257,GO:0009644
GRMZM2G134980,279.679435498853,GO:0009644
GRMZM2G135739,21.7823443199254,GO:0009644
GRMZM2G135817,8.04059639630515,GO:0009644
GRMZM2G137409,484.482466798301,GO:0009644
GRMZM2G137839,194.033177632647,GO:0009644
GRMZM2G139535,1.11363269232981,GO:0009644
GRMZM2G139822,64.2559352164282,GO:0009644
GRMZM2G141931,100.984708149618,GO:0009644
GRMZM2G144008,14.5622372399429,GO:0009644
GRMZM2G144020,3.16636033298805,GO:0009644
GRMZM2G144367,44.8239505231735,GO:0009644
GRMZM2G146207,5.7447867696434,GO:0009644
GRMZM2G147377,33.9525450732038,GO:0009644
GRMZM2G148772,41.2320193631716,GO:0009644
GRMZM2G149636,88.8168961063745,GO:0009644
GRMZM2G149647,5.58881860900069,GO:0009644
GRMZM2G151245,5.59888826331382,GO:0009644
GRMZM2G152421,77.181903146365,GO:0009644
GRMZM2G153815,38.1144844765347,GO:0009644
GRMZM2G154685,2.0796514076672,GO:0009644
GRMZM2G154960,2.7646001376549,GO:0009644
GRMZM2G155242,60.5162015297181,GO:0009644
GRMZM2G158093,2.9004175899899,GO:0009644
GRMZM2G158232,5.31779770231426,GO:0009644
GRMZM2G158887,9.22415258428747,GO:0009644
GRMZM2G159295,64.5686258297678,GO:0009644
GRMZM2G160417,21.6804829832453,GO:0009644
GRMZM2G162200,903.116286162837,GO:0009644
GRMZM2G162282,13.6507260269409,GO:0009644
GRMZM2G162688,42.8844715198343,GO:0009644
GRMZM2G162968,22.7153283632523,GO:0009644
GRMZM2G163437,350.023820898778,GO:0009644
GRMZM2G164974,198.929226732576,GO:0009644
GRMZM2G165301,1.47991929366044,GO:0009644
GRMZM2G165919,33.0582871332266,GO:0009644
GRMZM2G165939,42.3311554598365,GO:0009644
GRMZM2G166897,12.9126124799527,GO:0009644
GRMZM2G170326,13.8373750866212,GO:0009644
GRMZM2G171279,8.85759279563659,GO:0009644
GRMZM2G171884,14.7950530832818,GO:0009644
GRMZM2G173090,1.3382812103339,GO:0009644
GRMZM2G174984,2386.77907765741,GO:0009644
GRMZM2G176173,3.26853655831666,GO:0009644
GRMZM2G177227,19.3566377202771,GO:0009644
GRMZM2G177974,52.7098082031366,GO:0009644
GRMZM2G178356,5.89120633497309,GO:0009644
GRMZM2G300135,6.31016119131686,GO:0009644
GRMZM2G301485,1.04310994199558,GO:0009644
GRMZM2G306679,4.49352807632533,GO:0009644
GRMZM2G310431,30.6218672799203,GO:0009644
GRMZM2G310569,13.2056666909504,GO:0009644
GRMZM2G314679,56.7526223764277,GO:0009644
GRMZM2G324956,24.5069110565591,GO:0009644
GRMZM2G327692,62.717407496478,GO:0009644
GRMZM2G331701,5.96972924900337,GO:0009644
GRMZM2G335242,1.08078538999915,GO:0009644
GRMZM2G335738,6.68503728797592,GO:0009644
GRMZM2G336858,20.1498748799222,GO:0009644
GRMZM2G340251,768.636853964101,GO:0009644
GRMZM2G341404,37.9796232398493,GO:0009644
GRMZM2G346839,2.65134597933256,GO:0009644
GRMZM2G347836,20.1219960465845,GO:0009644
GRMZM2G358279,5.7964655749791,GO:0009644
GRMZM2G360681,15.6255742696517,GO:0009644
GRMZM2G364069,260.590686865569,GO:0009644
GRMZM2G365374,44.1740619765082,GO:0009644
GRMZM2G366532,13.1514182920041,GO:0009644
GRMZM2G374812,15.797208779937,GO:0009644
GRMZM2G391936,250.229094732327,GO:0009644
GRMZM2G393897,5.86940441331107,GO:0009644
GRMZM2G399073,93.9894818763104,GO:0009644
GRMZM2G410812,3.93219827998252,GO:0009644
GRMZM2G413897,59.5706536964069,GO:0009644
GRMZM2G415007,26.7782145565526,GO:0009644
GRMZM2G416120,36.749324979876,GO:0009644
GRMZM2G422240,1.16730114399722,GO:0009644
GRMZM2G428391,77.512469799725,GO:0009644
GRMZM2G431350,19.8912590132536,GO:0009644
GRMZM2G431900,28.3096024298765,GO:0009644
GRMZM2G434173,170.909047699406,GO:0009644
GRMZM2G437100,2.74663562266055,GO:0009644
GRMZM2G442523,51.3619865831429,GO:0009644
GRMZM2G442546,1.08113733799541,GO:0009644
GRMZM2G458208,24.1633444332509,GO:0009644
GRMZM2G459811,42.0496983831771,GO:0009644
GRMZM2G460406,123.028385632884,GO:0009644
GRMZM2G519073,28.4702887698976,GO:0009644
GRMZM5G800112,187.424287965944,GO:0009644
GRMZM5G802801,6.53121449165811,GO:0009644
GRMZM5G803365,1.92932194699533,GO:0009644
GRMZM5G804658,3.29450853865451,GO:0009644
GRMZM5G811797,125.963905832826,GO:0009644
GRMZM5G813217,204.207380432655,GO:0009644
GRMZM5G843141,1.46168547399534,GO:0009644
GRMZM5G869403,10.0071797689661,GO:0009644
GRMZM5G872256,52.9904150064505,GO:0009644
GRMZM5G883149,22.5921520465767,GO:0009644
AC155624.2_FG011,49.5188238631317,GO:0006950
AC177897.2_FG002,3.02656088732577,GO:0006950
AC182617.3_FG001,19.7027451465942,GO:0006950
AC183315.4_FG006,10.3635013652938,GO:0006950
AC186606.4_FG003,1.03892401699563,GO:0006950
AC189750.4_FG004,133.186636379425,GO:0006950
AC190526.3_FG004,1.4488939349937,GO:0006950
AC191069.3_FG004,3.49267927898622,GO:0006950
AC194914.3_FG002,6.55685639997678,GO:0006950
AC199363.4_FG003,8.73820463796989,GO:0006950
AC199705.3_FG008,37.1906373865349,GO:0006950
AC203535.4_FG004,178.470659266038,GO:0006950
AC209257.4_FG003,2.0193307293268,GO:0006950
AC209835.4_FG004,27.7471946698848,GO:0006950
AC210013.4_FG012,4.55977085931929,GO:0006950
AC211401.4_FG003,14.3445650699408,GO:0006950
AC212068.4_FG005,17.766358516597,GO:0006950
AC217050.4_FG004,26.8476279265683,GO:0006950
AC217965.2_FG012,5.55290575264862,GO:0006950
AC234183.1_FG002,3.69120766232189,GO:0006950
AC234528.1_FG001,23.4597413365761,GO:0006950
AC235541.1_FG002,61.681693283104,GO:0006950
GRMZM2G000076,1.04873175166237,GO:0006950
GRMZM2G000256,71.6445680530493,GO:0006950
GRMZM2G000650,26.6522397798947,GO:0006950
GRMZM2G001304,14.4080193799646,GO:0006950
GRMZM2G001661,21.9273167499131,GO:0006950
GRMZM2G001724,358.562481731875,GO:0006950
GRMZM2G001905,1.21546395666437,GO:0006950
GRMZM2G002121,8.07215323897086,GO:0006950
GRMZM2G002227,1.7926675953273,GO:0006950
GRMZM2G002616,27.505017343231,GO:0006950
GRMZM2G003064,4.29148840898017,GO:0006950
GRMZM2G003090,36.0171780998725,GO:0006950
GRMZM2G003318,104.758182372994,GO:0006950
GRMZM2G003389,3.43224256098688,GO:0006950
GRMZM2G003635,112.471033192932,GO:0006950
GRMZM2G003662,20.6761663999177,GO:0006950
GRMZM2G003835,1.45127803932739,GO:0006950
GRMZM2G004006,57.6724023464618,GO:0006950
GRMZM2G004222,18.8833145265972,GO:0006950
GRMZM2G004847,16.8482564165975,GO:0006950
GRMZM2G004997,121.041136466237,GO:0006950
GRMZM2G005433,159.138787566116,GO:0006950
GRMZM2G005859,341.873041998689,GO:0006950
GRMZM2G005996,6.74562371198217,GO:0006950
GRMZM2G006047,30.2291410698725,GO:0006950
GRMZM2G006219,10.923481933619,GO:0006950
GRMZM2G006453,32.5994617065312,GO:0006950
GRMZM2G007801,3.16813360665362,GO:0006950
GRMZM2G007848,113.093368509553,GO:0006950
GRMZM2G007871,81.281116719721,GO:0006950
GRMZM2G008060,10.2721047823007,GO:0006950
GRMZM2G008061,20.0824778099193,GO:0006950
GRMZM2G008309,9.96626105096264,GO:0006950
GRMZM2G009163,29.4786862465583,GO:0006950
GRMZM2G009320,353.776637531942,GO:0006950
GRMZM2G009368,2.77693669432254,GO:0006950
GRMZM2G009438,11.1871603006216,GO:0006950
GRMZM2G009443,763.31662476446,GO:0006950
GRMZM2G009475,1.23337009432889,GO:0006950
GRMZM2G009571,7.8738857436356,GO:0006950
GRMZM2G009598,11.3268038989497,GO:0006950
GRMZM2G009804,18.181204403258,GO:0006950
GRMZM2G009888,11.0654743602932,GO:0006950
GRMZM2G009968,2.52575985299344,GO:0006950
GRMZM2G010000,23.0728779032504,GO:0006950
GRMZM2G010093,13.833817139942,GO:0006950
GRMZM2G010389,24.9278909532305,GO:0006950
GRMZM2G010491,89.7408596262561,GO:0006950
GRMZM2G010604,6.66728059463645,GO:0006950
GRMZM2G010714,4.93076858998132,GO:0006950
GRMZM2G010783,5.54750159597641,GO:0006950
GRMZM2G011068,26.1059217632383,GO:0006950
GRMZM2G011071,15.3065271666069,GO:0006950
GRMZM2G011269,205.29610443244,GO:0006950
GRMZM2G011404,17.3491125332699,GO:0006950
GRMZM2G011932,36.769299733184,GO:0006950
GRMZM2G012269,1.35746039799561,GO:0006950
GRMZM2G012276,237.217069532405,GO:0006950
GRMZM2G012340,7.79475322896893,GO:0006950
GRMZM2G012966,160.890518566022,GO:0006950
GRMZM2G013176,36.8475087898784,GO:0006950
GRMZM2G013342,993.608373395919,GO:0006950
GRMZM2G013695,6.34278015663885,GO:0006950
GRMZM2G013767,1.97291407365933,GO:0006950
GRMZM2G013814,37.0052824498672,GO:0006950
GRMZM2G014240,451.192140765412,GO:0006950
GRMZM2G014387,22.9184634199128,GO:0006950
GRMZM2G015324,33.7100483365468,GO:0006950
GRMZM2G015603,1.05961986432814,GO:0006950
GRMZM2G015709,20.346790249939,GO:0006950
GRMZM2G015880,25.9979119632264,GO:0006950
GRMZM2G016088,38.0149185965096,GO:0006950
GRMZM2G016150,18.0906878199301,GO:0006950
GRMZM2G016827,112.838008609528,GO:0006950
GRMZM2G017351,131.251876426106,GO:0006950
GRMZM2G017411,4.73121477831249,GO:0006950
GRMZM2G017647,17.9213295899375,GO:0006950
GRMZM2G018059,18.5122153232731,GO:0006950
GRMZM2G018595,17.8908880686145,GO:0006950
GRMZM2G018689,10.6307603966283,GO:0006950
GRMZM2G019106,33.1770181531975,GO:0006950
GRMZM2G019291,27.7580902999158,GO:0006950
GRMZM2G019353,5.73502983131178,GO:0006950
GRMZM2G019358,536.49408916475,GO:0006950
GRMZM2G019446,22.9762943599274,GO:0006950
GRMZM2G019538,10.1410999439585,GO:0006950
GRMZM2G019872,16.1052702199348,GO:0006950
GRMZM2G020140,11.988643679285,GO:0006950
GRMZM2G020631,5.44122849831514,GO:0006950
GRMZM2G020920,120.423848429614,GO:0006950
GRMZM2G021378,3.94799032531879,GO:0006950
GRMZM2G021416,91.8318789062832,GO:0006950
GRMZM2G021598,63.2906750131052,GO:0006950
GRMZM2G022019,29.4046209532173,GO:0006950
GRMZM2G022248,58.2235446731057,GO:0006950
GRMZM2G022279,18.7264895465941,GO:0006950
GRMZM2G022694,13.696688533284,GO:0006950
GRMZM2G023049,16.1408301499414,GO:0006950
GRMZM2G023585,34.4223659798717,GO:0006950
GRMZM2G024615,13.2148280566134,GO:0006950
GRMZM2G024657,17.8137339332717,GO:0006950
GRMZM2G024668,41.3019820798724,GO:0006950
GRMZM2G025470,64.6191589830666,GO:0006950
GRMZM2G025488,37.5519816798546,GO:0006950
GRMZM2G025552,6.56594541230557,GO:0006950
GRMZM2G025731,250.292144865738,GO:0006950
GRMZM2G025806,21.4981145632424,GO:0006950
GRMZM2G025992,76.4029915130165,GO:0006950
GRMZM2G026855,45.7001797231464,GO:0006950
GRMZM2G027173,11.5908237946163,GO:0006950
GRMZM2G029242,15.3707624499486,GO:0006950
GRMZM2G029546,52.3920201364041,GO:0006950
GRMZM2G029833,8.39105554930421,GO:0006950
GRMZM2G029933,11.0394976519641,GO:0006950
GRMZM2G030235,74.650073453075,GO:0006950
GRMZM2G030312,9.91516724662362,GO:0006950
GRMZM2G030341,15.3407644032687,GO:0006950
GRMZM2G031022,28.6792036365607,GO:0006950
GRMZM2G031200,10.0474909646239,GO:0006950
GRMZM2G031607,5.06584991097729,GO:0006950
GRMZM2G031609,16.0610632499456,GO:0006950
GRMZM2G031952,39.2515953365073,GO:0006950
GRMZM2G032110,30.2031695965663,GO:0006950
GRMZM2G032336,43.3033729698559,GO:0006950
GRMZM2G032337,14.5650932899589,GO:0006950
GRMZM2G032376,34.4751047965257,GO:0006950
GRMZM2G032447,13.4454454799478,GO:0006950
GRMZM2G032684,40.2182505565112,GO:0006950
GRMZM2G032763,1.00720576199568,GO:0006950
GRMZM2G033634,80.7474286030476,GO:0006950
GRMZM2G034025,39.8109954365233,GO:0006950
GRMZM2G034197,4.73103395031528,GO:0006950
GRMZM2G034573,108.838813342956,GO:0006950
GRMZM2G035008,25.6192923832317,GO:0006950
GRMZM2G035131,9.14415560830237,GO:0006950
GRMZM2G035314,16.2545157432694,GO:0006950
GRMZM2G035395,71.4926926131081,GO:0006950
GRMZM2G035948,37.2045755598399,GO:0006950
GRMZM2G036590,43.5989891165079,GO:0006950
GRMZM2G038082,1.02039106199732,GO:0006950
GRMZM2G038158,2.59445710099219,GO:0006950
GRMZM2G038284,149.032109436025,GO:0006950
GRMZM2G038801,10.356921629962,GO:0006950
GRMZM2G038967,27.8921804332537,GO:0006950
GRMZM2G039113,1.52490491499379,GO:0006950
GRMZM2G039443,5.01765513264486,GO:0006950
GRMZM2G039525,1.63130887132671,GO:0006950
GRMZM2G039622,13.2833138002775,GO:0006950
GRMZM2G039792,14.272326963286,GO:0006950
GRMZM2G039797,50.1436394931774,GO:0006950
GRMZM2G040309,6.13659249598133,GO:0006950
GRMZM2G040452,21.5267128432515,GO:0006950
GRMZM2G040881,3.5817182893184,GO:0006950
GRMZM2G040968,194.769008365992,GO:0006950
GRMZM2G040975,24.8470089932405,GO:0006950
GRMZM2G041269,1.4900755479928,GO:0006950
GRMZM2G042099,36.7350488798764,GO:0006950
GRMZM2G042136,20.7420613665807,GO:0006950
GRMZM2G042195,17.1227506732731,GO:0006950
GRMZM2G043291,133.469325799534,GO:0006950
GRMZM2G043331,20.8171112599331,GO:0006950
GRMZM2G043632,6.51712167763653,GO:0006950
GRMZM2G043764,36.8782297631904,GO:0006950
GRMZM2G044527,38.3331423765369,GO:0006950
GRMZM2G044882,19.6506302005937,GO:0006950
GRMZM2G045070,80.8507463796636,GO:0006950
GRMZM2G045185,33.614454916522,GO:0006950
GRMZM2G045236,20.8427290232643,GO:0006950
GRMZM2G045294,3.12318694732046,GO:0006950
GRMZM2G045732,6.02206645598139,GO:0006950
GRMZM2G045820,9.02127370363487,GO:0006950
GRMZM2G046055,16.5111195765983,GO:0006950
GRMZM2G046098,10.2755406046239,GO:0006950
GRMZM2G046402,42.3827400431942,GO:0006950
GRMZM2G046498,60.9716432197543,GO:0006950
GRMZM2G047002,62.4953789698128,GO:0006950
GRMZM2G047129,21.7161638032435,GO:0006950
GRMZM2G047139,40.9849010365002,GO:0006950
GRMZM2G047175,1.47326719766172,GO:0006950
GRMZM2G047274,95.1439820696203,GO:0006950
GRMZM2G047321,3.49932024531804,GO:0006950
GRMZM2G047474,23.9881117865877,GO:0006950
GRMZM2G047777,5.21896552231225,GO:0006950
GRMZM2G047995,32.7032647598769,GO:0006950
GRMZM2G048200,15.272523689947,GO:0006950
GRMZM2G048276,33.8707496965504,GO:0006950
GRMZM2G049322,35.0807047065588,GO:0006950
GRMZM2G049340,16.2890960566049,GO:0006950
GRMZM2G049759,7.79549978364018,GO:0006950
GRMZM2G050089,72.9552035930877,GO:0006950
GRMZM2G050118,20.9743428832498,GO:0006950
GRMZM2G050325,6.02580910497467,GO:0006950
GRMZM2G050912,15.3829438766162,GO:0006950
GRMZM2G051043,32.6617826798866,GO:0006950
GRMZM2G051174,20.5300556565873,GO:0006950
GRMZM2G051622,53.79325755648,GO:0006950
GRMZM2G052336,3.55853814731863,GO:0006950
GRMZM2G052479,114.422952506243,GO:0006950
GRMZM2G052650,41.5646096065257,GO:0006950
GRMZM2G052671,18.5219832599307,GO:0006950
GRMZM2G052699,19.2053704699367,GO:0006950
GRMZM2G053239,23.2403211199213,GO:0006950
GRMZM2G053507,6.16306387131131,GO:0006950
GRMZM2G053600,44.162924679836,GO:0006950
GRMZM2G053676,22.3476134499168,GO:0006950
GRMZM2G053713,34.1661955832104,GO:0006950
GRMZM2G053726,38.6610174131904,GO:0006950
GRMZM2G054267,11.3862765396242,GO:0006950
GRMZM2G054969,1.74881315832747,GO:0006950
GRMZM2G055251,49.3895661598051,GO:0006950
GRMZM2G055276,56.0309838030956,GO:0006950
GRMZM2G055527,16.0304119666013,GO:0006950
GRMZM2G055607,12.789574149958,GO:0006950
GRMZM2G055619,64.6034740764348,GO:0006950
GRMZM2G055699,5.41369546231379,GO:0006950
GRMZM2G055936,123.106508432869,GO:0006950
GRMZM2G056826,3.79211983065072,GO:0006950
GRMZM2G056988,3.98221572664564,GO:0006950
GRMZM2G057091,45.5300687898226,GO:0006950
GRMZM2G057184,16.999235673271,GO:0006950
GRMZM2G057305,51.5303712498302,GO:0006950
GRMZM2G057436,34.6962315498913,GO:0006950
GRMZM2G057618,21.9101954032533,GO:0006950
GRMZM2G057674,60.2712438698008,GO:0006950
GRMZM2G057942,50.0775025164805,GO:0006950
GRMZM2G058026,54.6292896297897,GO:0006950
GRMZM2G058560,10.0989973662988,GO:0006950
GRMZM2G058568,11.6178170729547,GO:0006950
GRMZM2G058760,13.8026158132768,GO:0006950
GRMZM2G059214,12.5267479606194,GO:0006950
GRMZM2G059693,38.8271931365316,GO:0006950
GRMZM2G059801,2.3949860629898,GO:0006950
GRMZM2G060027,12.3017884539484,GO:0006950
GRMZM2G060148,23.5948868499179,GO:0006950
GRMZM2G060255,13.1181455109419,GO:0006950
GRMZM2G060451,21.8053241065895,GO:0006950
GRMZM2G060866,36.8810812898516,GO:0006950
GRMZM2G060918,5.20425326264916,GO:0006950
GRMZM2G061078,18.6984195799353,GO:0006950
GRMZM2G061184,14.3392202532823,GO:0006950
GRMZM2G061932,27.8399165565431,GO:0006950
GRMZM2G062354,119.781050532931,GO:0006950
GRMZM2G062429,7.23923475564169,GO:0006950
GRMZM2G062761,23.1518544465747,GO:0006950
GRMZM2G062788,80.9108374963457,GO:0006950
GRMZM2G063163,14.2091666199508,GO:0006950
GRMZM2G063203,12.3372711799554,GO:0006950
GRMZM2G063216,6.94009819730915,GO:0006950
GRMZM2G063328,14.5446406666099,GO:0006950
GRMZM2G063468,4.66489820631679,GO:0006950
GRMZM2G063723,11.5199630666236,GO:0006950
GRMZM2G064371,13.7562122902714,GO:0006950
GRMZM2G064521,1.04355935999612,GO:0006950
GRMZM2G064537,61.6974302331014,GO:0006950
GRMZM2G064608,5.78193344464458,GO:0006950
GRMZM2G064723,6.86348609697244,GO:0006950
GRMZM2G064905,3.75750824665192,GO:0006950
GRMZM2G064960,19.6547827099281,GO:0006950
GRMZM2G065388,48.7916536298572,GO:0006950
GRMZM2G065640,4.71670704364791,GO:0006950
GRMZM2G065669,21.7753061765957,GO:0006950
GRMZM2G066158,2.33444986832429,GO:0006950
GRMZM2G066449,4.58298439831913,GO:0006950
GRMZM2G066612,51.1879244331727,GO:0006950
GRMZM2G066636,27.7627896825399,GO:0006950
GRMZM2G067277,13.4735001722751,GO:0006950
GRMZM2G067426,32.5994327332098,GO:0006950
GRMZM2G067514,11.4544902602882,GO:0006950
GRMZM2G067581,7.54741580896875,GO:0006950
GRMZM2G067756,11.6351186546193,GO:0006950
GRMZM2G068316,246.636883599139,GO:0006950
GRMZM2G068557,261.01329827212,GO:0006950
GRMZM2G068943,51.7435720331904,GO:0006950
GRMZM2G069024,87.7725258596373,GO:0006950
GRMZM2G069410,73.7792619764239,GO:0006950
GRMZM2G069649,76.1883079797161,GO:0006950
GRMZM2G069672,1.19988199332735,GO:0006950
GRMZM2G070239,24.4955819332304,GO:0006950
GRMZM2G070305,55.9865765598143,GO:0006950
GRMZM2G070429,12.3842610019513,GO:0006950
GRMZM2G070659,95.6708267629541,GO:0006950
GRMZM2G070804,27.922059379886,GO:0006950
GRMZM2G070825,2.1161370326589,GO:0006950
GRMZM2G071249,32.1394364832267,GO:0006950
GRMZM2G071288,20.8743241165961,GO:0006950
GRMZM2G071370,8.89299534796478,GO:0006950
GRMZM2G071573,27.0305214232283,GO:0006950
GRMZM2G071997,5.48642977464723,GO:0006950
GRMZM2G072107,17.5899057532746,GO:0006950
GRMZM2G072300,28.1878172765638,GO:0006950
GRMZM2G072890,7.00060643863315,GO:0006950
GRMZM2G073581,30.6936316732481,GO:0006950
GRMZM2G073668,46.775047419838,GO:0006950
GRMZM2G073892,27.2022637432219,GO:0006950
GRMZM2G073959,19.7079335332594,GO:0006950
GRMZM2G074245,4.33694370865203,GO:0006950
GRMZM2G074373,39.9984972431954,GO:0006950
GRMZM2G074517,46.3812804998754,GO:0006950
GRMZM2G074914,14.5290358432805,GO:0006950
GRMZM2G075092,4.93286669497725,GO:0006950
GRMZM2G075124,55.2481968998023,GO:0006950
GRMZM2G075158,5.65056222098347,GO:0006950
GRMZM2G075250,22.5662471032554,GO:0006950
GRMZM2G075900,59.1460119431274,GO:0006950
GRMZM2G076062,310.54484719901,GO:0006950
GRMZM2G076392,14.066334573281,GO:0006950
GRMZM2G076802,2.76167826965473,GO:0006950
GRMZM2G076911,28.1240982132222,GO:0006950
GRMZM2G077150,3.73112793898383,GO:0006950
GRMZM2G077233,132.499007899482,GO:0006950
GRMZM2G077541,74.8617413397168,GO:0006950
GRMZM2G078022,51.6841362731434,GO:0006950
GRMZM2G078508,5.98575025963876,GO:0006950
GRMZM2G078959,16.9083419066013,GO:0006950
GRMZM2G079290,3.2208260063209,GO:0006950
GRMZM2G079653,4.13297576598218,GO:0006950
GRMZM2G080320,22.6858990032594,GO:0006950
GRMZM2G080650,59.0973181797915,GO:0006950
GRMZM2G080722,17.1342501999335,GO:0006950
GRMZM2G081188,205.098276996032,GO:0006950
GRMZM2G081359,9.28210670063621,GO:0006950
GRMZM2G082362,1.97419068232808,GO:0006950
GRMZM2G082384,13.7610134599521,GO:0006950
GRMZM2G082487,7.06033938264817,GO:0006950
GRMZM2G082529,74.954712386465,GO:0006950
GRMZM2G082792,19.4129035499244,GO:0006950
GRMZM2G082809,16.6415818032746,GO:0006950
GRMZM2G082886,6.16312011197166,GO:0006950
GRMZM2G083285,1.47053385932835,GO:0006950
GRMZM2G084192,24.142453776584,GO:0006950
GRMZM2G084429,36.6259534531773,GO:0006950
GRMZM2G084606,38.5273184365321,GO:0006950
GRMZM2G084727,12.4808390899496,GO:0006950
GRMZM2G084729,12.8656970299516,GO:0006950
GRMZM2G085054,97.568451826311,GO:0006950
GRMZM2G085402,32.0961482198871,GO:0006950
GRMZM2G085438,11.9853357499545,GO:0006950
GRMZM2G085939,18.012984339935,GO:0006950
GRMZM2G086937,31.026244226566,GO:0006950
GRMZM2G087059,4.03961795665046,GO:0006950
GRMZM2G087063,45.5558051431704,GO:0006950
GRMZM2G087150,43.1666938331618,GO:0006950
GRMZM2G087192,56.1275676164325,GO:0006950
GRMZM2G087243,8.97747350196684,GO:0006950
GRMZM2G087254,43.0035578931838,GO:0006950
GRMZM2G087749,61.0704934331306,GO:0006950
GRMZM2G088114,159.485183099475,GO:0006950
GRMZM2G088140,30.5731626065526,GO:0006950
GRMZM2G088843,8.70321728629864,GO:0006950
GRMZM2G089159,25.5922123132365,GO:0006950
GRMZM2G089565,5.61371254264602,GO:0006950
GRMZM2G089631,4.83204287364768,GO:0006950
GRMZM2G089962,9.93495254529501,GO:0006950
GRMZM2G090029,9.16513603430387,GO:0006950
GRMZM2G090788,5.64774811564554,GO:0006950
GRMZM2G091331,60.7290817765191,GO:0006950
GRMZM2G091362,2.98515378998822,GO:0006950
GRMZM2G091503,28.4986383398846,GO:0006950
GRMZM2G091581,21.4055953432604,GO:0006950
GRMZM2G092152,9.17788291396429,GO:0006950
GRMZM2G092550,2.584659788991,GO:0006950
GRMZM2G092609,9.14085111663515,GO:0006950
GRMZM2G092741,55.5226453331498,GO:0006950
GRMZM2G092776,79.0713216663712,GO:0006950
GRMZM2G092910,13.7113792302819,GO:0006950
GRMZM2G093139,49.3005361731345,GO:0006950
GRMZM2G093272,5.53421824197735,GO:0006950
GRMZM2G093761,23.9602410899064,GO:0006950
GRMZM2G093828,9.25882482129254,GO:0006950
GRMZM2G093855,52.3488365731366,GO:0006950
GRMZM2G094352,3.08687159665282,GO:0006950
GRMZM2G094452,37.7899983398522,GO:0006950
GRMZM2G094595,77.8537118063534,GO:0006950
GRMZM2G094698,32.8541933198914,GO:0006950
GRMZM2G094978,54.9032418097957,GO:0006950
GRMZM2G095078,20.0541408099334,GO:0006950
GRMZM2G095411,21.2949237165737,GO:0006950
GRMZM2G095778,64.0491526064752,GO:0006950
GRMZM2G095811,8.06758184596634,GO:0006950
GRMZM2G096123,46.2608770164804,GO:0006950
GRMZM2G096355,22.0850273132469,GO:0006950
GRMZM2G096367,2.6830779543211,GO:0006950
GRMZM2G096759,2.90551620132045,GO:0006950
GRMZM2G097170,9.82715094996135,GO:0006950
GRMZM2G097469,39.4385539798512,GO:0006950
GRMZM2G097812,31.9189108998606,GO:0006950
GRMZM2G098174,30.2746003065733,GO:0006950
GRMZM2G098527,15.5738230232721,GO:0006950
GRMZM2G098793,97.9678041796798,GO:0006950
GRMZM2G098904,40.8791225965072,GO:0006950
GRMZM2G099255,17.7303744032681,GO:0006950
GRMZM2G099466,7.86773387197192,GO:0006950
GRMZM2G099642,5.64917629797612,GO:0006950
GRMZM2G099860,139.430617189617,GO:0006950
GRMZM2G099984,59.3096008197477,GO:0006950
GRMZM2G100118,91.7718062896429,GO:0006950
GRMZM2G100650,17.4615244672762,GO:0006950
GRMZM2G100982,1.30905268466039,GO:0006950
GRMZM2G101060,1.16897908499465,GO:0006950
GRMZM2G101117,15.9046868332681,GO:0006950
GRMZM2G101457,39.3851882031898,GO:0006950
GRMZM2G101460,21.6076891165964,GO:0006950
GRMZM2G101518,52.4294235765054,GO:0006950
GRMZM2G101533,37.0773585531953,GO:0006950
GRMZM2G101625,1.06455505699591,GO:0006950
GRMZM2G102021,13.6511107799447,GO:0006950
GRMZM2G102069,2.21678074132533,GO:0006950
GRMZM2G102167,29.0588082832183,GO:0006950
GRMZM2G102216,11.2536628099624,GO:0006950
GRMZM2G102560,141.577172799479,GO:0006950
GRMZM2G102664,19.8696102265958,GO:0006950
GRMZM2G102681,12.380963373278,GO:0006950
GRMZM2G102754,1.47426965199368,GO:0006950
GRMZM2G102933,13.4259852732886,GO:0006950
GRMZM2G103070,30.3919526432215,GO:0006950
GRMZM2G103179,30.5432112032104,GO:0006950
GRMZM2G103805,21.540253656587,GO:0006950
GRMZM2G103909,18.6188222365961,GO:0006950
GRMZM2G103937,5.52206879297442,GO:0006950
GRMZM2G104045,14.2342487599517,GO:0006950
GRMZM2G104226,7.86664851429924,GO:0006950
GRMZM2G105004,61.9436655230839,GO:0006950
GRMZM2G105005,17.9980715899287,GO:0006950
GRMZM2G105362,10.1073927676269,GO:0006950
GRMZM2G106119,108.452578112968,GO:0006950
GRMZM2G106141,23.1797787732626,GO:0006950
GRMZM2G106590,119.427806939585,GO:0006950
GRMZM2G107187,5.30044388664709,GO:0006950
GRMZM2G107731,37.3034757865386,GO:0006950
GRMZM2G108309,24.2665008465782,GO:0006950
GRMZM2G108976,14.2427824756046,GO:0006950
GRMZM2G108991,1.68669422565842,GO:0006950
GRMZM2G109070,108.589262666274,GO:0006950
GRMZM2G109405,42.1638068465008,GO:0006950
GRMZM2G109720,9.91981870829738,GO:0006950
GRMZM2G110023,14.6650584066072,GO:0006950
GRMZM2G110057,2.07165506299123,GO:0006950
GRMZM2G110198,39.9892290165085,GO:0006950
GRMZM2G110289,82.2617924130783,GO:0006950
GRMZM2G110381,22.398123279905,GO:0006950
GRMZM2G110406,37.0960663465366,GO:0006950
GRMZM2G110584,14.0889498332817,GO:0006950
GRMZM2G111521,22.3304195032402,GO:0006950
GRMZM2G112626,12.4199675282793,GO:0006950
GRMZM2G112681,23.2770720432594,GO:0006950
GRMZM2G113052,16.0753662142619,GO:0006950
GRMZM2G113096,5.92119098264234,GO:0006950
GRMZM2G113205,75.3755538730203,GO:0006950
GRMZM2G113382,12.1673569266208,GO:0006950
GRMZM2G113401,16.7777552032636,GO:0006950
GRMZM2G113480,5.50199277730681,GO:0006950
GRMZM2G113775,60.7318814464516,GO:0006950
GRMZM2G114337,10.6481907119604,GO:0006950
GRMZM2G114371,43.8035357898396,GO:0006950
GRMZM2G114575,69.5730715230402,GO:0006950
GRMZM2G114584,14.8789175699442,GO:0006950
GRMZM2G114930,6.26051297930952,GO:0006950
GRMZM2G115420,61.8281294330919,GO:0006950
GRMZM2G115579,33.4397422765482,GO:0006950
GRMZM2G115615,22.2151547199141,GO:0006950
GRMZM2G115875,16.5559995699389,GO:0006950
GRMZM2G116204,60.0907571530803,GO:0006950
GRMZM2G116282,53.7290035897752,GO:0006950
GRMZM2G116292,63.4735621430541,GO:0006950
GRMZM2G116584,62.4608151964221,GO:0006950
GRMZM2G116634,20.7587439699214,GO:0006950
GRMZM2G117030,18.2360271332683,GO:0006950
GRMZM2G117300,31.769023186567,GO:0006950
GRMZM2G117388,32.1210936998657,GO:0006950
GRMZM2G117410,7.47306962530459,GO:0006950
GRMZM2G117465,7.3013869643026,GO:0006950
GRMZM2G117754,21.8439885965824,GO:0006950
GRMZM2G117851,2.93505557565387,GO:0006950
GRMZM2G118047,10.3599895152899,GO:0006950
GRMZM2G118098,40.9601094065265,GO:0006950
GRMZM2G118825,6.59262142697624,GO:0006950
GRMZM2G118870,4.44501589798423,GO:0006950
GRMZM2G119230,7.15315515330779,GO:0006950
GRMZM2G119249,201.464642865886,GO:0006950
GRMZM2G119258,54.6851141231792,GO:0006950
GRMZM2G119339,8.26481620529948,GO:0006950
GRMZM2G119411,89.0550810363663,GO:0006950
GRMZM2G119691,197.561084932598,GO:0006950
GRMZM2G119745,24.6303735032467,GO:0006950
GRMZM2G119802,57.5285674864348,GO:0006950
GRMZM2G120035,12.7676696456104,GO:0006950
GRMZM2G120069,4.62832824731625,GO:0006950
GRMZM2G120079,383.87738779857,GO:0006950
GRMZM2G120371,11.9852919379548,GO:0006950
GRMZM2G121366,20.6851323665866,GO:0006950
GRMZM2G121418,1.51565163899388,GO:0006950
GRMZM2G121820,98.4152908963077,GO:0006950
GRMZM2G122057,4.33355287731408,GO:0006950
GRMZM2G122073,5.89392581964359,GO:0006950
GRMZM2G122276,1.41783517999355,GO:0006950
GRMZM2G122335,177.49966419935,GO:0006950
GRMZM2G122863,16.0893098966036,GO:0006950
GRMZM2G122954,4.93193659964556,GO:0006950
GRMZM2G123277,45.1449139864978,GO:0006950
GRMZM2G123362,2.23488725299096,GO:0006950
GRMZM2G123373,7.64101080829957,GO:0006950
GRMZM2G123886,33.5025832332109,GO:0006950
GRMZM2G123922,398.968920532019,GO:0006950
GRMZM2G124096,38.6653858332061,GO:0006950
GRMZM2G124524,6.70431595130382,GO:0006950
GRMZM2G125823,97.835852659647,GO:0006950
GRMZM2G126338,40.8889452498634,GO:0006950
GRMZM2G127141,79.3787983330566,GO:0006950
GRMZM2G127911,16.3000893399446,GO:0006950
GRMZM2G128131,36.6655354398688,GO:0006950
GRMZM2G128214,138.652703966195,GO:0006950
GRMZM2G128880,5.93000597064193,GO:0006950
GRMZM2G129243,19.6620992866003,GO:0006950
GRMZM2G129300,1.11146979999561,GO:0006950
GRMZM2G129700,25.5715705765609,GO:0006950
GRMZM2G129804,108.838254602918,GO:0006950
GRMZM2G130127,19.4943201065987,GO:0006950
GRMZM2G130356,13.8970248732798,GO:0006950
GRMZM2G130374,5.98337741564624,GO:0006950
GRMZM2G130651,13.4603609499501,GO:0006950
GRMZM2G130678,196.987911799156,GO:0006950
GRMZM2G130746,96.5078829829366,GO:0006950
GRMZM2G130868,28.4880395999238,GO:0006950
GRMZM2G131334,97.4564308763958,GO:0006950
GRMZM2G132121,54.0160751897861,GO:0006950
GRMZM2G132403,14.0344069502825,GO:0006950
GRMZM2G132971,70.418866699723,GO:0006950
GRMZM2G133168,2.65748529132788,GO:0006950
GRMZM2G133621,42.9775236865308,GO:0006950
GRMZM2G133738,1.40457965799445,GO:0006950
GRMZM2G133757,6.00426665031098,GO:0006950
GRMZM2G133966,9.09633801864446,GO:0006950
GRMZM2G134156,4.41962205731577,GO:0006950
GRMZM2G134234,137.98549452626,GO:0006950
GRMZM2G134550,1.75982786432531,GO:0006950
GRMZM2G134559,4.71672231631284,GO:0006950
GRMZM2G134759,15.8261672866057,GO:0006950
GRMZM2G134863,4.52938416265396,GO:0006950
GRMZM2G135002,2.29055090499082,GO:0006950
GRMZM2G135655,8.17732568762909,GO:0006950
GRMZM2G136139,13.6663427932813,GO:0006950
GRMZM2G136910,1135.06661592924,GO:0006950
GRMZM2G137507,1.17500650032907,GO:0006950
GRMZM2G137546,12.3349857122789,GO:0006950
GRMZM2G137574,18.7950756032667,GO:0006950
GRMZM2G137696,99.9374879995758,GO:0006950
GRMZM2G137802,17.4602758199483,GO:0006950
GRMZM2G138255,15.0564132966091,GO:0006950
GRMZM2G138342,60.9052510164833,GO:0006950
GRMZM2G138410,4.61197902231719,GO:0006950
GRMZM2G138441,1.70218014099323,GO:0006950
GRMZM2G138505,27.2249440532428,GO:0006950
GRMZM2G138511,77.7082221463844,GO:0006950
GRMZM2G138583,14.2518613232831,GO:0006950
GRMZM2G139157,27.1266029832368,GO:0006950
GRMZM2G139374,172.664423199359,GO:0006950
GRMZM2G139441,34.3685403865423,GO:0006950
GRMZM2G139765,1.30489187033112,GO:0006950
GRMZM2G140047,15.7875291866126,GO:0006950
GRMZM2G140082,24.4306839665747,GO:0006950
GRMZM2G140107,1.13299911833051,GO:0006950
GRMZM2G140443,1.78068169566142,GO:0006950
GRMZM2G141185,38.2411105698724,GO:0006950
GRMZM2G141600,79.5677405563666,GO:0006950
GRMZM2G141940,7.46056538663457,GO:0006950
GRMZM2G142039,31.2761852932142,GO:0006950
GRMZM2G142097,331.65480709862,GO:0006950
GRMZM2G142207,5.06146089864634,GO:0006950
GRMZM2G142357,14.9074759132705,GO:0006950
GRMZM2G142660,21.3703234165867,GO:0006950
GRMZM2G142875,24.0756174432488,GO:0006950
GRMZM2G143071,34.8468658865348,GO:0006950
GRMZM2G143168,6.03639736730649,GO:0006950
GRMZM2G143204,3.98522748498872,GO:0006950
GRMZM2G143205,59.5350687897858,GO:0006950
GRMZM2G143445,22.5541296299172,GO:0006950
GRMZM2G143655,8.17255133230181,GO:0006950
GRMZM2G143817,1.8324460056589,GO:0006950
GRMZM2G143917,189.060962532642,GO:0006950
GRMZM2G144146,11.8950689382921,GO:0006950
GRMZM2G144196,254.630998898998,GO:0006950
GRMZM2G144726,37.4489929598623,GO:0006950
GRMZM2G145024,62.0650179764444,GO:0006950
GRMZM2G145041,71.7244032430417,GO:0006950
GRMZM2G145133,69.1265866164223,GO:0006950
GRMZM2G145236,231.700006199124,GO:0006950
GRMZM2G145527,38.106968259828,GO:0006950
GRMZM2G145814,39.9256446198593,GO:0006950
GRMZM2G145895,85.4013366730081,GO:0006950
GRMZM2G146240,130.225561432896,GO:0006950
GRMZM2G146616,29.2726231732376,GO:0006950
GRMZM2G146623,1.26903079532946,GO:0006950
GRMZM2G146965,51.7979297564746,GO:0006950
GRMZM2G146994,14.0230331632799,GO:0006950
GRMZM2G147123,4.26409593898196,GO:0006950
GRMZM2G147544,12.5995951366303,GO:0006950
GRMZM2G147587,13.3855896199472,GO:0006950
GRMZM2G147775,16.9741429832637,GO:0006950
GRMZM2G147804,3.65014351964984,GO:0006950
GRMZM2G147885,18.7210750832646,GO:0006950
GRMZM2G148387,28.0060528532325,GO:0006950
GRMZM2G148460,28.5149331202494,GO:0006950
GRMZM2G148913,61.9171836497929,GO:0006950
GRMZM2G148962,24.2886228765788,GO:0006950
GRMZM2G149383,91.0435802929748,GO:0006950
GRMZM2G149662,22.7295792232402,GO:0006950
GRMZM2G149894,17.1651105799283,GO:0006950
GRMZM2G150295,61.3620721197584,GO:0006950
GRMZM2G150598,66.5567688230771,GO:0006950
GRMZM2G150950,18.2074859599267,GO:0006950
GRMZM2G151009,13.228041186615,GO:0006950
GRMZM2G151044,3.84856886864777,GO:0006950
GRMZM2G151407,23.4627877832471,GO:0006950
GRMZM2G151444,1.01508993999619,GO:0006950
GRMZM2G151529,12.9946800092811,GO:0006950
GRMZM2G151542,3.04365595199534,GO:0006950
GRMZM2G151649,9.91075209230939,GO:0006950
GRMZM2G152056,30.0250604265802,GO:0006950
GRMZM2G152373,2.24411897632508,GO:0006950
GRMZM2G152688,45.9360608864896,GO:0006950
GRMZM2G153119,15.2846723099403,GO:0006950
GRMZM2G153369,15.8337884399363,GO:0006950
GRMZM2G153706,5.53125184731019,GO:0006950
GRMZM2G153977,92.3169624029972,GO:0006950
GRMZM2G154394,7.52122130863817,GO:0006950
GRMZM2G154565,11.7162136812863,GO:0006950
GRMZM2G155058,1.64920530065976,GO:0006950
GRMZM2G155220,21.6875253832486,GO:0006950
GRMZM2G155543,33.6200741198683,GO:0006950
GRMZM2G155565,9.94795216796674,GO:0006950
GRMZM2G155949,28.7260324399119,GO:0006950
GRMZM2G155991,33.7043724032237,GO:0006950
GRMZM2G156033,14.724105189942,GO:0006950
GRMZM2G156126,7.46094956131131,GO:0006950
GRMZM2G156348,2.07254904832627,GO:0006950
GRMZM2G156415,6.37542307264464,GO:0006950
GRMZM2G156490,2.36419861798894,GO:0006950
GRMZM2G156765,15.5122466999356,GO:0006950
GRMZM2G156956,34.4243274698916,GO:0006950
GRMZM2G157177,42.450022836517,GO:0006950
GRMZM2G157247,9.04303879296682,GO:0006950
GRMZM2G157354,60.2865633264162,GO:0006950
GRMZM2G157574,15.6340586499363,GO:0006950
GRMZM2G158140,3.96101907131829,GO:0006950
GRMZM2G158205,326.162314932143,GO:0006950
GRMZM2G159169,1.21995315999556,GO:0006950
GRMZM2G159643,72.8538820630339,GO:0006950
GRMZM2G159720,28.6215621965628,GO:0006950
GRMZM2G160198,4.67754774864716,GO:0006950
GRMZM2G160304,32.7028551332195,GO:0006950
GRMZM2G160370,21.7570159799293,GO:0006950
GRMZM2G160569,71.424994903059,GO:0006950
GRMZM2G160971,2.40496362599444,GO:0006950
GRMZM2G161009,12.7138573232841,GO:0006950
GRMZM2G161087,52.4076792131631,GO:0006950
GRMZM2G161222,29.1501072199022,GO:0006950
GRMZM2G161491,15.4959720999473,GO:0006950
GRMZM2G161800,1.79181328665985,GO:0006950
GRMZM2G162616,35.7515437498869,GO:0006950
GRMZM2G162690,73.1448546497336,GO:0006950
GRMZM2G162868,12.7775498699517,GO:0006950
GRMZM2G162931,3.44668563865412,GO:0006950
GRMZM2G163242,3.51975734098628,GO:0006950
GRMZM2G163861,116.948689922933,GO:0006950
GRMZM2G164542,3.16138203465539,GO:0006950
GRMZM2G164663,74.5198236563705,GO:0006950
GRMZM2G165308,2.80831969532659,GO:0006950
GRMZM2G165972,21.8144290999179,GO:0006950
GRMZM2G166005,1.16332387866111,GO:0006950
GRMZM2G166109,21.3690782065889,GO:0006950
GRMZM2G166507,31.0464674198816,GO:0006950
GRMZM2G166537,12.7536253099502,GO:0006950
GRMZM2G166721,25.9269704798951,GO:0006950
GRMZM2G166987,102.974500926247,GO:0006950
GRMZM2G167164,24.648964949917,GO:0006950
GRMZM2G168166,24.2717651332493,GO:0006950
GRMZM2G168190,3.71310491631871,GO:0006950
GRMZM2G168222,9.40157693996673,GO:0006950
GRMZM2G168590,31.396526986532,GO:0006950
GRMZM2G168791,46.1583886331653,GO:0006950
GRMZM2G169184,30.7641131065281,GO:0006950
GRMZM2G169201,45.9654966932049,GO:0006950
GRMZM2G169372,219.860173645857,GO:0006950
GRMZM2G169432,16.0306867065979,GO:0006950
GRMZM2G169451,19.3668195565978,GO:0006950
GRMZM2G169562,1.09448819299598,GO:0006950
GRMZM2G169648,18.2566547732646,GO:0006950
GRMZM2G170088,14.4410459499501,GO:0006950
GRMZM2G170307,31.8259960998543,GO:0006950
GRMZM2G170322,1.30006586166101,GO:0006950
GRMZM2G170489,5.27923040564513,GO:0006950
GRMZM2G170516,5.59322192731338,GO:0006950
GRMZM2G170805,46.7128294598222,GO:0006950
GRMZM2G170843,54.08639038648,GO:0006950
GRMZM2G171028,7.072124071304,GO:0006950
GRMZM2G171170,5.08910241197733,GO:0006950
GRMZM2G171210,10.8590375299619,GO:0006950
GRMZM2G171370,17.2569020266116,GO:0006950
GRMZM2G171569,18.7371144306203,GO:0006950
GRMZM2G171600,70.7632431997911,GO:0006950
GRMZM2G171616,51.3774660698039,GO:0006950
GRMZM2G171622,46.5047406398392,GO:0006950
GRMZM2G172021,18.4486423732694,GO:0006950
GRMZM2G172098,30.9595168065472,GO:0006950
GRMZM2G172357,64.6464843097553,GO:0006950
GRMZM2G172581,15.3209221599356,GO:0006950
GRMZM2G173680,54.6190666664679,GO:0006950
GRMZM2G173718,119.593076132871,GO:0006950
GRMZM2G173770,8.21772761963811,GO:0006950
GRMZM2G174221,44.1244912931452,GO:0006950
GRMZM2G174315,18.5899389365985,GO:0006950
GRMZM2G174370,7.11368274197004,GO:0006950
GRMZM2G174554,42.3430177331827,GO:0006950
GRMZM2G174797,17.5093906309223,GO:0006950
GRMZM2G174896,664.512314497892,GO:0006950
GRMZM2G174975,6.48583070464489,GO:0006950
GRMZM2G175419,103.584018082935,GO:0006950
GRMZM2G175463,29.7569108665727,GO:0006950
GRMZM2G175504,15.5157976632794,GO:0006950
GRMZM2G176282,22.0882088899285,GO:0006950
GRMZM2G176542,27.9925886799023,GO:0006950
GRMZM2G176665,1.46643000066016,GO:0006950
GRMZM2G176922,13.8745481832864,GO:0006950
GRMZM2G177575,13.5062057366163,GO:0006950
GRMZM2G177853,20.9655514532445,GO:0006950
GRMZM2G177928,24.3071876765676,GO:0006950
GRMZM2G177937,66.3934736830954,GO:0006950
GRMZM2G178829,47.0398331798293,GO:0006950
GRMZM2G178913,4.5238311453165,GO:0006950
GRMZM2G178924,2.33483948665959,GO:0006950
GRMZM2G178972,62.9001857730733,GO:0006950
GRMZM2G179281,12.412854293954,GO:0006950
GRMZM2G179292,47.6385053364811,GO:0006950
GRMZM2G179662,55.7152527598201,GO:0006950
GRMZM2G179800,14.216263276618,GO:0006950
GRMZM2G179802,26.3238756665719,GO:0006950
GRMZM2G180060,1.00329256966378,GO:0006950
GRMZM2G180372,8.53344775963068,GO:0006950
GRMZM2G180558,6.3717957569756,GO:0006950
GRMZM2G180596,5.58351236898561,GO:0006950
GRMZM2G180620,17.6880087966058,GO:0006950
GRMZM2G180920,63.3311336564255,GO:0006950
GRMZM2G181000,6.11641131730589,GO:0006950
GRMZM2G181018,28.5283905232126,GO:0006950
GRMZM2G181148,9.6064365926285,GO:0006950
GRMZM2G300408,22.6347659865711,GO:0006950
GRMZM2G301513,1.03932334299575,GO:0006950
GRMZM2G303149,13.8931019766164,GO:0006950
GRMZM2G303244,2.69955875265921,GO:0006950
GRMZM2G304010,5.93644313530867,GO:0006950
GRMZM2G304274,6.16419706164005,GO:0006950
GRMZM2G305864,14.7381655026019,GO:0006950
GRMZM2G306851,8.14675130930529,GO:0006950
GRMZM2G307252,51.0311743331128,GO:0006950
GRMZM2G307368,57.5133918297674,GO:0006950
GRMZM2G307992,20.8956572032613,GO:0006950
GRMZM2G308083,24.2847452199165,GO:0006950
GRMZM2G310410,3.23038327598611,GO:0006950
GRMZM2G311051,91.1910393530184,GO:0006950
GRMZM2G312078,1.42451652999432,GO:0006950
GRMZM2G312712,80.8446024330189,GO:0006950
GRMZM2G312839,16.0609761999402,GO:0006950
GRMZM2G313649,6.3865401063122,GO:0006950
GRMZM2G315431,18.3090288692855,GO:0006950
GRMZM2G318213,17.5577648309153,GO:0006950
GRMZM2G318681,3.67287080831905,GO:0006950
GRMZM2G319760,1.19289322233064,GO:0006950
GRMZM2G320206,8.52408743363594,GO:0006950
GRMZM2G321153,5.65412333564485,GO:0006950
GRMZM2G322634,19.8658541765925,GO:0006950
GRMZM2G324886,34.7448973631862,GO:0006950
GRMZM2G328213,3.1308506209895,GO:0006950
GRMZM2G329532,21.8507500132524,GO:0006950
GRMZM2G330019,453.786793298299,GO:0006950
GRMZM2G330526,3.8108727053207,GO:0006950
GRMZM2G330772,29.1934541665508,GO:0006950
GRMZM2G335280,4.24028897964841,GO:0006950
GRMZM2G337548,1.56166340366113,GO:0006950
GRMZM2G337706,1.29586880666083,GO:0006950
GRMZM2G338160,25.0762570598936,GO:0006950
GRMZM2G338696,16.3134192266058,GO:0006950
GRMZM2G340130,38.5199210998547,GO:0006950
GRMZM2G343974,5.15388860364699,GO:0006950
GRMZM2G347361,9.05432480963061,GO:0006950
GRMZM2G349062,93.592007596291,GO:0006950
GRMZM2G349554,10.9775805179649,GO:0006950
GRMZM2G350205,24.7341351965742,GO:0006950
GRMZM2G355450,12.1115792366239,GO:0006950
GRMZM2G358796,1.00747221499621,GO:0006950
GRMZM2G358830,6.40562894097943,GO:0006950
GRMZM2G360455,73.4127934930695,GO:0006950
GRMZM2G360517,347.440382099133,GO:0006950
GRMZM2G361842,20.5314366199197,GO:0006950
GRMZM2G362312,49.9548289097855,GO:0006950
GRMZM2G362413,18.2671241332679,GO:0006950
GRMZM2G362693,1.01000103633045,GO:0006950
GRMZM2G363052,3.8767649706532,GO:0006950
GRMZM2G366301,1.83210719399143,GO:0006950
GRMZM2G366659,3.09276057432088,GO:0006950
GRMZM2G369485,1.20822186866258,GO:0006950
GRMZM2G369815,13.8372359522862,GO:0006950
GRMZM2G369912,50.2792106165095,GO:0006950
GRMZM2G370155,7.28426762530463,GO:0006950
GRMZM2G371721,9.55736951230107,GO:0006950
GRMZM2G371944,97.0945812529791,GO:0006950
GRMZM2G373420,30.8945365298767,GO:0006950
GRMZM2G373522,123.089958182929,GO:0006950
GRMZM2G374973,2.23912326932467,GO:0006950
GRMZM2G376416,89.7340082863279,GO:0006950
GRMZM2G377217,1.31631146699586,GO:0006950
GRMZM2G381429,2.48698661765642,GO:0006950
GRMZM2G383240,12.6735465839452,GO:0006950
GRMZM2G390345,1.66812787399337,GO:0006950
GRMZM2G392649,64.3315494164525,GO:0006950
GRMZM2G393671,46.3080620331674,GO:0006950
GRMZM2G397247,533.940788497991,GO:0006950
GRMZM2G398809,19.9344652132614,GO:0006950
GRMZM2G399207,8.51586314430744,GO:0006950
GRMZM2G399284,144.192711366115,GO:0006950
GRMZM2G401664,100.893098686254,GO:0006950
GRMZM2G403162,16.1622086032825,GO:0006950
GRMZM2G404426,37.9512666498955,GO:0006950
GRMZM2G405760,7.09214028797302,GO:0006950
GRMZM2G406715,5.36557717664696,GO:0006950
GRMZM2G407044,63.2076099097757,GO:0006950
GRMZM2G408005,2.50529906832326,GO:0006950
GRMZM2G410704,1.65042553866057,GO:0006950
GRMZM2G412296,31.6894352998769,GO:0006950
GRMZM2G412470,64.8722458164124,GO:0006950
GRMZM2G412937,18.195292809933,GO:0006950
GRMZM2G413544,14.1359028232809,GO:0006950
GRMZM2G414866,12.9333077532915,GO:0006950
GRMZM2G415343,1.68620726832643,GO:0006950
GRMZM2G415791,12.9559813996214,GO:0006950
GRMZM2G415793,21.8858272466005,GO:0006950
GRMZM2G417658,56.7130200931003,GO:0006950
GRMZM2G419305,36.0693490165194,GO:0006950
GRMZM2G420055,44.8756364731837,GO:0006950
GRMZM2G420789,15.4409319666248,GO:0006950
GRMZM2G425728,6.85921765132185,GO:0006950
GRMZM2G426271,2.15865648366014,GO:0006950
GRMZM2G428765,11.1413010856321,GO:0006950
GRMZM2G429169,30.2755948065532,GO:0006950
GRMZM2G429972,36.223599926554,GO:0006950
GRMZM2G430152,1.37410319299443,GO:0006950
GRMZM2G434252,22.23773031658,GO:0006950
GRMZM2G435675,5.39237978431637,GO:0006950
GRMZM2G436084,48.8224337564624,GO:0006950
GRMZM2G438176,4.58503597031952,GO:0006950
GRMZM2G438202,31.8376019202606,GO:0006950
GRMZM2G441031,4.21793874964615,GO:0006950
GRMZM2G442195,78.8210611730543,GO:0006950
GRMZM2G442404,26.2434504332292,GO:0006950
GRMZM2G442489,2.35236442265915,GO:0006950
GRMZM2G444692,48.1940145098318,GO:0006950
GRMZM2G444808,59.2657125031304,GO:0006950
GRMZM2G445905,268.294594199088,GO:0006950
GRMZM2G446170,29.7320007432099,GO:0006950
GRMZM2G446921,4.04702631498525,GO:0006950
GRMZM2G447195,4.27909561198551,GO:0006950
GRMZM2G448368,1.37701393166104,GO:0006950
GRMZM2G449083,43.8099221398392,GO:0006950
GRMZM2G449160,51.5265230731378,GO:0006950
GRMZM2G451366,56.1857670298048,GO:0006950
GRMZM2G452016,21.2416578365994,GO:0006950
GRMZM2G455664,8.68670607330493,GO:0006950
GRMZM2G456132,5.10412719531823,GO:0006950
GRMZM2G457201,21.2783130199144,GO:0006950
GRMZM2G459104,5.07662683298352,GO:0006950
GRMZM2G460012,8.45804003863669,GO:0006950
GRMZM2G461279,2.38561105098992,GO:0006950
GRMZM2G462613,75.7331233797093,GO:0006950
GRMZM2G462803,187.308022399373,GO:0006950
GRMZM2G463227,25.1714668832349,GO:0006950
GRMZM2G463726,3.14296454398891,GO:0006950
GRMZM2G464401,19.7428560899257,GO:0006950
GRMZM2G467682,11.9132156966198,GO:0006950
GRMZM2G468610,2.05536292466085,GO:0006950
GRMZM2G468740,2.03728139365831,GO:0006950
GRMZM2G469469,5.63128614797726,GO:0006950
GRMZM2G469898,140.931941166145,GO:0006950
GRMZM2G470513,19.5187384732608,GO:0006950
GRMZM2G470942,15.7816136799379,GO:0006950
GRMZM2G471083,21.6827912965814,GO:0006950
GRMZM2G472693,48.4398612298402,GO:0006950
GRMZM2G473709,5.4780933273093,GO:0006950
GRMZM2G476973,3.24932882298758,GO:0006950
GRMZM2G477200,3.7246922049852,GO:0006950
GRMZM2G477491,4.19228485731956,GO:0006950
GRMZM2G477743,29.2078160232279,GO:0006950
GRMZM2G481452,67.6575770763876,GO:0006950
GRMZM2G484653,3.07906747898886,GO:0006950
GRMZM2G527891,39.1497758098309,GO:0006950
GRMZM2G532387,2.47279329898936,GO:0006950
GRMZM2G540772,1.35108446299557,GO:0006950
GRMZM2G549512,24.3826547432412,GO:0006950
GRMZM2G588223,26.7010243565932,GO:0006950
GRMZM2G590027,7.45845542830497,GO:0006950
GRMZM5G806268,1.25261963466234,GO:0006950
GRMZM5G806649,13.0961203566198,GO:0006950
GRMZM5G806947,41.1099067965396,GO:0006950
GRMZM5G809417,3.75321941732183,GO:0006950
GRMZM5G812660,8.27343223930006,GO:0006950
GRMZM5G813055,20.3573275832615,GO:0006950
GRMZM5G813092,30.111805426558,GO:0006950
GRMZM5G813584,43.2854793064828,GO:0006950
GRMZM5G813903,4.16914639864927,GO:0006950
GRMZM5G814700,143.359744132858,GO:0006950
GRMZM5G819999,21.7150989499253,GO:0006950
GRMZM5G820808,9.30023819763095,GO:0006950
GRMZM5G823629,39.0593380998545,GO:0006950
GRMZM5G824843,16.4672682499506,GO:0006950
GRMZM5G826174,1.62676258132685,GO:0006950
GRMZM5G827171,30.5298987365496,GO:0006950
GRMZM5G828661,2.42701672665872,GO:0006950
GRMZM5G828987,8.7352903506311,GO:0006950
GRMZM5G830269,3.07318620332374,GO:0006950
GRMZM5G831795,4.77969212898538,GO:0006950
GRMZM5G831887,1.85325802365793,GO:0006950
GRMZM5G832740,15.5446057566065,GO:0006950
GRMZM5G834734,6.15824627864486,GO:0006950
GRMZM5G835903,5.78554050697502,GO:0006950
GRMZM5G838435,21.2303117499224,GO:0006950
GRMZM5G838754,4.48808352765146,GO:0006950
GRMZM5G842645,2.25984837099256,GO:0006950
GRMZM5G846198,68.0429689397866,GO:0006950
GRMZM5G848138,61.0365496297949,GO:0006950
GRMZM5G848608,15.8248322999404,GO:0006950
GRMZM5G850455,57.787575829775,GO:0006950
GRMZM5G852968,496.552206798117,GO:0006950
GRMZM5G854138,197.292142832554,GO:0006950
GRMZM5G855924,8.03321102097093,GO:0006950
GRMZM5G856436,16.8460170199323,GO:0006950
GRMZM5G857930,31.2893819765652,GO:0006950
GRMZM5G858197,19.9376814932697,GO:0006950
GRMZM5G861997,12.8548012099502,GO:0006950
GRMZM5G868047,13.8634775596061,GO:0006950
GRMZM5G868354,68.7419126530674,GO:0006950
GRMZM5G873519,1210.06195712957,GO:0006950
GRMZM5G877647,7.15837964963573,GO:0006950
GRMZM5G878970,14.1526032899415,GO:0006950
GRMZM5G882708,28.0108258165558,GO:0006950
GRMZM5G882821,11.9660695132873,GO:0006950
GRMZM5G886561,22.9180884999154,GO:0006950
GRMZM5G888860,29.6237588665462,GO:0006950
GRMZM5G892035,6.65180237330519,GO:0006950
GRMZM5G892742,37.0984725665305,GO:0006950
GRMZM5G893764,12.4707670399518,GO:0006950
GRMZM5G895573,1.24943687832843,GO:0006950
